http://www.ikea.com/us/en/catalog/products/50247141/,BACKARYD,"Underframe, orange",http://www.ikea.com/us/en/images/products/backaryd-underframe-orange__0286621_PE423194_S4.JPG,40.00,Dining,50247141
http://www.ikea.com/us/en/catalog/products/90247139/,BACKARYD,"Underframe, white",http://www.ikea.com/us/en/images/products/backaryd-underframe-white__0313531_PE513351_S4.JPG,40.00,Dining,90247139
http://www.ikea.com/us/en/catalog/products/00299646/,BADAREN,"Bathmat, gray         5.99",http://www.ikea.com/us/en/images/products/badaren-bathmat-gray__0360087_PE549047_S4.JPG,3.99,Bathroom,00299646
http://www.ikea.com/us/en/catalog/products/50299644/,BADAREN,"Bathmat, bright red         5.99",http://www.ikea.com/us/en/images/products/badaren-bathmat-red__0360091_PE549050_S4.JPG,3.99,Bathroom,50299644
http://www.ikea.com/us/en/catalog/products/70311616/,BADAREN,"Bathmat, white         5.99",http://www.ikea.com/us/en/images/products/badaren-bathmat-white__0387355_PE558575_S4.JPG,4.99,Bathroom,70311616
http://www.ikea.com/us/en/catalog/products/90311615/,BADAREN,"Bathmat, beige         5.99",http://www.ikea.com/us/en/images/products/badaren-bathmat-beige__0387349_PE558544_S4.JPG,4.99,Bathroom,90311615
http://www.ikea.com/us/en/catalog/products/40311613/,BADAREN,"Bathmat, yellow         5.99",http://www.ikea.com/us/en/images/products/badaren-bathmat-yellow__0387357_PE558573_S4.JPG,4.99,Bathroom,40311613
http://www.ikea.com/us/en/catalog/products/70306945/,BADAREN,"Bathmat, green         5.99",http://www.ikea.com/us/en/images/products/badaren-bathmat-green__0387351_PE558542_S4.JPG,4.99,Bathroom,70306945
http://www.ikea.com/us/en/catalog/products/50311617/,BADAREN,Bathmat,http://www.ikea.com/us/en/images/products/badaren-bathmat-pink__0387353_PE558540_S4.JPG,5.99,Bathroom,50311617
http://www.ikea.com/us/en/catalog/products/S09048432/,BAGGÖN / SVARTÖ,"Hanging umbrella with base, white, dark gray",http://www.ikea.com/us/en/images/products/baggon-svarto-hanging-umbrella-with-base-white__0333636_PE527494_S4.JPG,119.00,Outdoor,09048432
http://www.ikea.com/us/en/catalog/products/50260284/,BAGGÖN,"Umbrella, hanging, white",http://www.ikea.com/us/en/images/products/baggon-umbrella-hanging-white__0369413_PE551966_S4.JPG,69.00,Outdoor,50260284
http://www.ikea.com/us/en/catalog/products/30024716/,BAGIS,"Children's coat-hanger, assorted colors",http://www.ikea.com/us/en/images/products/bagis-children-s-coat-hanger-assorted-colors__23330_PE076148_S4.JPG,1.49,Children's IKEA,30024716
http://www.ikea.com/us/en/catalog/products/20197086/,BAGIS,"Hanger, indoor/outdoor, black",http://www.ikea.com/us/en/images/products/bagis-hanger-indoor-outdoor-black__0134782_PE291442_S4.JPG,0.39,Bedroom,20197086
http://www.ikea.com/us/en/catalog/products/30206306/,BAKELSE PRINSESS,Cream cake with marzipan,http://www.ikea.com/us/en/images/products/bakelse-prinsess-cream-cake-with-marzipan__0135933_PE292916_S4.JPG,5.99,Food,30206306
http://www.ikea.com/us/en/catalog/products/20262901/,BALKARP,"Sofa bed, blue",http://www.ikea.com/us/en/images/products/balkarp-sofa-bed-blue__0340649_PE528030_S4.JPG,129.00,Living room,20262901
http://www.ikea.com/us/en/catalog/products/50307936/,BALKARP,"Sofa bed, Vissle gray",http://www.ikea.com/us/en/images/products/balkarp-sofa-bed-gray__0366179_PE548633_S4.JPG,179.00,Living room,50307936
http://www.ikea.com/us/en/catalog/products/70269924/,BANDBLAD,Memory foam pillow,http://www.ikea.com/us/en/images/products/bandblad-memory-foam-pillow-white__0310592_PE407243_S4.JPG,16.99,Bedroom,70269924
http://www.ikea.com/us/en/catalog/products/70236250/,BÄRBAR,"Tray, fruit",http://www.ikea.com/us/en/images/products/barbar-tray__0276359_PE414796_S4.JPG,6.99,Eating,70236250
http://www.ikea.com/us/en/catalog/products/80149785/,BÄRBAR,"Tray, bird",http://www.ikea.com/us/en/images/products/barbar-tray-assorted-colors__0097583_PE238293_S4.JPG,6.99,Eating,80149785
http://www.ikea.com/us/en/catalog/products/94528885/,BAREN,"Toilet brush, stainless steel",http://www.ikea.com/us/en/images/products/baren-toilet-brush__22473_PE107349_S4.JPG,6.99,Bathroom,94528885
http://www.ikea.com/us/en/catalog/products/60300345/,BÅRING,Rug underlay with anti-slip,http://www.ikea.com/us/en/images/products/baring-rug-underlay-with-anti-slip__0365917_PE548553_S4.JPG,14.99,Living room,60300345
http://www.ikea.com/us/en/catalog/products/90134528/,BARNSLIG,"Mirror, green",http://www.ikea.com/us/en/images/products/barnslig-mirror-green__0087839_PE217734_S4.JPG,19.99,Children's IKEA,90134528
http://www.ikea.com/us/en/catalog/products/80300523/,BARNVIKEN,"Bathmat, white",http://www.ikea.com/us/en/images/products/barnviken-bathmat-white__0343206_PE534806_S4.JPG,8.99,Bathroom,80300523
http://www.ikea.com/us/en/catalog/products/20262581/,BAROMETER,"Ceiling track, 5-spots, nickel plated",http://www.ikea.com/us/en/images/products/barometer-ceiling-track-spots__0395484_PE566556_S4.JPG,49.99,Living room,20262581
http://www.ikea.com/us/en/catalog/products/30089576/,BAROMETER,"Floor/reading lamp, nickel plated",http://www.ikea.com/us/en/images/products/barometer-floor-reading-lamp__0085577_PE213354_S4.JPG,49.99,Living room,30089576
http://www.ikea.com/us/en/catalog/products/70089584/,BAROMETER,"Work lamp, nickel plated",http://www.ikea.com/us/en/images/products/barometer-work-lamp__0383720_PH120588_S4.JPG,34.99,Office furniture,70089584
http://www.ikea.com/us/en/catalog/products/10292197/,BARSÖ,"Pot trellis, light green",http://www.ikea.com/us/en/images/products/barso-pot-trellis-green__0312976_PE513356_S4.JPG,4.99,Outdoor,10292197
http://www.ikea.com/us/en/catalog/products/40291262/,BARSÖ,"Trellis, square pattern, black",http://www.ikea.com/us/en/images/products/barso-trellis-black__0312980_PE513354_S4.JPG,9.99,Outdoor,40291262
http://www.ikea.com/us/en/catalog/products/30292196/,BARSÖ,"Trellis with base plate, black",http://www.ikea.com/us/en/images/products/barso-trellis-with-base-plate-black__0312985_PE513352_S4.JPG,34.99,Outdoor,30292196
http://www.ikea.com/us/en/catalog/products/20313062/,BARVALLA,"Bathmat, multicolor",http://www.ikea.com/us/en/images/products/barvalla-bathmat-assorted-colors__0387363_PE558568_S4.JPG,12.99,Bathroom,20313062
http://www.ikea.com/us/en/catalog/products/90262587/,BASISK,"Ceiling track, 3 spotlights, nickel plated, white",http://www.ikea.com/us/en/images/products/basisk-ceiling-track-spotlights-white__0138856_PE298668_S4.JPG,24.99,Living room,90262587
http://www.ikea.com/us/en/catalog/products/10229021/,BASNÄS,"Rug, flatwoven, gray, beige",http://www.ikea.com/us/en/images/products/basnas-rug-flatwoven-gray__0150306_PE308437_S4.JPG,199.00,Living room,10229021
http://www.ikea.com/us/en/catalog/products/50265007/,BASSHOLMA,"Picture, Eiffel Tower",http://www.ikea.com/us/en/images/products/bassholma-picture__0353919_PE538990_S4.JPG,149.00,Decoration,50265007
http://www.ikea.com/us/en/catalog/products/60095321/,BÄSTIS,"Hook, assorted colors",http://www.ikea.com/us/en/images/products/bastis-hook-assorted-colors__0146505_PE305447_S4.JPG,2.99,Bedroom,60095321
http://www.ikea.com/us/en/catalog/products/60109436/,BÄSTIS,"Lint roller, blue",http://www.ikea.com/us/en/images/products/bastis-lint-roller-blue__66902_PE180389_S4.JPG,1.49,Laundry,60109436
http://www.ikea.com/us/en/catalog/products/30141126/,BÄSTIS,Lint roller refill,http://www.ikea.com/us/en/images/products/bastis-lint-roller-refill__0084876_PE211965_S4.JPG,2.99,Laundry,30141126
http://www.ikea.com/us/en/catalog/products/10309616/,BÅTSFJORD,"Leg, birch",http://www.ikea.com/us/en/images/products/batsfjord-leg__0371604_PE551360_S4.JPG,15.00,Bedroom,10309616
http://www.ikea.com/us/en/catalog/products/00238144/,BÄVE,"LED ceiling track, 3 spots, white",http://www.ikea.com/us/en/images/products/bave-led-ceiling-track-spots-white__0178830_PE331655_S4.JPG,49.99,Living room,00238144
http://www.ikea.com/us/en/catalog/products/10120064/,BEAUCARNEA RECURVATA,"Potted plant, Elephant's foot",http://www.ikea.com/us/en/images/products/beaucarnea-recurvata-potted-plant__0121090_PE277872_S4.JPG,8.99,Outdoor,10120064
http://www.ikea.com/us/en/catalog/products/40247820/,BEBOELIG,Children's tent,http://www.ikea.com/us/en/images/products/beboelig-children-s-tent__0180278_PE332509_S4.JPG,19.99,Children's IKEA,40247820
http://www.ikea.com/us/en/catalog/products/30102064/,BEDDINGE LÖVÅS,Mattress,http://www.ikea.com/us/en/images/products/beddinge-lovas-mattress__64402_PE174959_S4.JPG,90.00,Living room,30102064
http://www.ikea.com/us/en/catalog/products/S29089426/,BEDDINGE LÖVÅS,"Sofa bed, Knisa light gray",http://www.ikea.com/us/en/images/products/beddinge-lovas-sofa-bed-gray__0325814_PE543692_S4.JPG,249.00,Living room,29089426
http://www.ikea.com/us/en/catalog/products/90306421/,BEDDINGE,"Sofa bed slipcover, Knisa cerise",http://www.ikea.com/us/en/images/products/beddinge-sofa-bed-slipcover-red__0325808_PE543696_S4.JPG,49.00,Living room,90306421
http://www.ikea.com/us/en/catalog/products/10280123/,BEFOGAD,"Finials, 1 pair, metal",http://www.ikea.com/us/en/images/products/befogad-finials-pair__0403739_PE566155_S4.JPG,6.99,Living room,10280123
http://www.ikea.com/us/en/catalog/products/90314751/,BEFOGAD,"Finials, 1 pair, white",http://www.ikea.com/us/en/images/products/befogad-finials-pair-white__0403740_PE566154_S4.JPG,6.99,Living room,90314751
http://www.ikea.com/us/en/catalog/products/10309777/,BEGÄRLIG,"Vase, clear glass",http://www.ikea.com/us/en/images/products/begarlig-vase__0367304_PE549496_S4.JPG,9.99,Decoration,10309777
http://www.ikea.com/us/en/catalog/products/30309781/,BEGÄRLIG,"Vase, clear glass",http://www.ikea.com/us/en/images/products/begarlig-vase__0367308_PE549495_S4.JPG,19.99,Decoration,30309781
http://www.ikea.com/us/en/catalog/products/00304233/,BEHAGFULL,"20-piece flatware set, stainless steel",http://www.ikea.com/us/en/images/products/behagfull-piece-flatware-set__0104604_PE251630_S4.JPG,39.99,Eating,00304233
http://www.ikea.com/us/en/catalog/products/80284660/,BEHÅLLARE,"Water bottle, clear, green",http://www.ikea.com/us/en/images/products/behallare-water-bottle-green__0314953_PE513494_S4.JPG,2.99,Small storage,80284660
http://www.ikea.com/us/en/catalog/products/90281859/,BEHÄNDIG,"Glass, clear glass",http://www.ikea.com/us/en/images/products/behandig-glass__52956_PE154871_S4.JPG,3.99,Eating,90281859
http://www.ikea.com/us/en/catalog/products/30329053/,BEHANDLA,"Beeswax polish, colorless",http://www.ikea.com/us/en/images/products/behandla-beeswax-polish__0397548_PE563715_S4.JPG,3.99,Secondary storage,30329053
http://www.ikea.com/us/en/catalog/products/00329064/,BEHANDLA,"Glazing paint, light gray",http://www.ikea.com/us/en/images/products/behandla-glazing-paint-gray__0397576_PE563712_S4.JPG,3.99,Secondary storage,00329064
http://www.ikea.com/us/en/catalog/products/S89022027/,BEKANT,"5-sided desk, sit/stand, birch veneer, black",http://www.ikea.com/us/en/images/products/bekant-sided-desk-sit-stand-black__0251722_PE390381_S4.JPG,499.00,Office furniture,89022027
http://www.ikea.com/us/en/catalog/products/S39006360/,BEKANT,"5-sided desk, birch veneer, black",http://www.ikea.com/us/en/images/products/bekant-sided-desk-black__0250438_PE388799_S4.JPG,219.00,Office furniture,39006360
http://www.ikea.com/us/en/catalog/products/S09006309/,BEKANT,"Conference table, black-brown, white",http://www.ikea.com/us/en/images/products/bekant-conference-table-white__0250468_PE388828_S4.JPG,838.00,Office furniture,09006309
http://www.ikea.com/us/en/catalog/products/S69006274/,BEKANT,"Conference table, black-brown, white",http://www.ikea.com/us/en/images/products/bekant-conference-table-white__0250451_PE388812_S4.JPG,249.00,Office furniture,69006274
http://www.ikea.com/us/en/catalog/products/S79006297/,BEKANT,"Conference table, white",http://www.ikea.com/us/en/images/products/bekant-conference-table-white__0250463_PE388823_S4.JPG,529.00,Office furniture,79006297
http://www.ikea.com/us/en/catalog/products/S49045243/,BEKANT,"Conference table, birch veneer, white",http://www.ikea.com/us/en/images/products/bekant-conference-table-white__0292838_PE425419_S4.JPG,340.00,Office furniture,49045243
http://www.ikea.com/us/en/catalog/products/S09006390/,BEKANT,"Corner desk-left, birch veneer, black",http://www.ikea.com/us/en/images/products/bekant-corner-desk-left-black__0250485_PE388838_S4.JPG,239.00,Office furniture,09006390
http://www.ikea.com/us/en/catalog/products/S99022263/,BEKANT,"Corner desk left sit/stand, birch veneer, black",http://www.ikea.com/us/en/images/products/bekant-corner-desk-left-sit-stand-black__0252619_PE391321_S4.JPG,659.00,Office furniture,99022263
http://www.ikea.com/us/en/catalog/products/S69006410/,BEKANT,"Corner desk-right, birch veneer, black",http://www.ikea.com/us/en/images/products/bekant-corner-desk-right-black__0250495_PE388848_S4.JPG,239.00,Office furniture,69006410
http://www.ikea.com/us/en/catalog/products/S29022488/,BEKANT,"Corner desk right sit/stand, birch veneer, black",http://www.ikea.com/us/en/images/products/bekant-corner-desk-right-sit-stand-black__0252636_PE391338_S4.JPG,659.00,Office furniture,29022488
http://www.ikea.com/us/en/catalog/products/S19006323/,BEKANT,"Desk, white",http://www.ikea.com/us/en/images/products/bekant-desk-white__0250513_PE388781_S4.JPG,139.00,Office furniture,19006323
http://www.ikea.com/us/en/catalog/products/S59006340/,BEKANT,"Desk, birch veneer, black",http://www.ikea.com/us/en/images/products/bekant-desk-black__0250515_PE388783_S4.JPG,179.00,Office furniture,59006340
http://www.ikea.com/us/en/catalog/products/S79022792/,BEKANT,"Desk, birch veneer, white",http://www.ikea.com/us/en/images/products/bekant-desk-white__0252758_PE391763_S4.JPG,199.00,Office furniture,79022792
http://www.ikea.com/us/en/catalog/products/S49022524/,BEKANT,"Desk sit/stand, birch veneer, black",http://www.ikea.com/us/en/images/products/bekant-desk-sit-stand-black__0252680_PE391414_S4.JPG,489.00,Office furniture,49022524
http://www.ikea.com/us/en/catalog/products/90260362/,BEKANT,"Desktop shelf, black",http://www.ikea.com/us/en/images/products/bekant-desktop-shelf-black__0248417_PE386901_S4.JPG,39.00,Office furniture,90260362
http://www.ikea.com/us/en/catalog/products/70268811/,BEKANT,"Screen for desk, gray",http://www.ikea.com/us/en/images/products/bekant-screen-for-desk-gray__0251528_PE390114_S4.JPG,109.00,Office furniture,70268811
http://www.ikea.com/us/en/catalog/products/30240348/,BEKVÄM,"Kitchen cart, birch",http://www.ikea.com/us/en/images/products/bekvam-kitchen-cart__19722_PE072900_S4.JPG,59.99,Kitchen & appliances,30240348
http://www.ikea.com/us/en/catalog/products/40070185/,BEKVÄM,"Spice rack, birch",http://www.ikea.com/us/en/images/products/bekvam-spice-rack__34431_PE124371_S4.JPG,3.99,Kitchen & appliances,40070185
http://www.ikea.com/us/en/catalog/products/90219829/,BEKVÄM,"Stepladder, 3 steps, black",http://www.ikea.com/us/en/images/products/bekvam-stepladder-steps-black__0170966_PE325081_S4.JPG,39.99,Kitchen & appliances,90219829
http://www.ikea.com/us/en/catalog/products/90190411/,BEKVÄM,"Stepladder, 3 steps, beech",http://www.ikea.com/us/en/images/products/bekvam-stepladder-steps__0120314_PE276759_S4.JPG,39.99,Kitchen & appliances,90190411
http://www.ikea.com/us/en/catalog/products/60178887/,BEKVÄM,"Step stool, beech",http://www.ikea.com/us/en/images/products/bekvam-step-stool__0108612_PE258294_S4.JPG,14.99,Dining,60178887
http://www.ikea.com/us/en/catalog/products/30178884/,BEKVÄM,"Step stool, black",http://www.ikea.com/us/en/images/products/bekvam-step-stool-black__0122139_PE278504_S4.JPG,19.99,Dining,30178884
http://www.ikea.com/us/en/catalog/products/40178888/,BEKVÄM,"Step stool, white",http://www.ikea.com/us/en/images/products/bekvam-step-stool-white__0122140_PE278505_S4.JPG,19.99,Dining,40178888
http://www.ikea.com/us/en/catalog/products/10277837/,BENUNGE,"Measuring cup, clear",http://www.ikea.com/us/en/images/products/benunge-measuring-cup-white__0368961_PE549755_S4.JPG,3.99,Cooking,10277837
http://www.ikea.com/us/en/catalog/products/40274880/,BERGSTENA,"Countertop, double-sided, white, dark gray wood effect edge",http://www.ikea.com/us/en/images/products/bergstena-countertop-double-sided__0256613_PE400696_S4.JPG,109.00,Kitchen & appliances,40274880
http://www.ikea.com/us/en/catalog/products/60272663/,BERNHARD,"Bar stool with backrest, chrome plated, Kavat dark yellow",http://www.ikea.com/us/en/images/products/bernhard-bar-stool-with-backrest-yellow__0243102_PE382439_S4.JPG,169.00,Dining,60272663
http://www.ikea.com/us/en/catalog/products/80272662/,BERNHARD,"Bar stool with backrest, chrome plated, Kavat white",http://www.ikea.com/us/en/images/products/bernhard-bar-stool-with-backrest-white__0243104_PE382440_S4.JPG,169.00,Dining,80272662
http://www.ikea.com/us/en/catalog/products/00246219/,BERNHARD,"Chair, chrome plated, Kavat blue",http://www.ikea.com/us/en/images/products/bernhard-chair-blue__0207107_PE361149_S4.JPG,159.00,Dining,00246219
http://www.ikea.com/us/en/catalog/products/80246220/,BERNHARD,"Chair, chrome plated, Kavat dark yellow",http://www.ikea.com/us/en/images/products/bernhard-chair-yellow__0207109_PE361151_S4.JPG,159.00,Dining,80246220
http://www.ikea.com/us/en/catalog/products/50163805/,BERNHARD,"Chair, chrome plated, Kavat dark brown",http://www.ikea.com/us/en/images/products/bernhard-chair-brown__0094408_PE232292_S4.JPG,159.00,Dining,50163805
http://www.ikea.com/us/en/catalog/products/80153070/,BERNHARD,"Chair, chrome plated, Kavat white",http://www.ikea.com/us/en/images/products/bernhard-chair-white__0094409_PE232293_S4.JPG,159.00,Dining,80153070
http://www.ikea.com/us/en/catalog/products/50304382/,BERTA,"Plastic-coated fabric, white, gray",http://www.ikea.com/us/en/images/products/berta-plastic-coated-fabric-gray__0364152_PE547536_S4.JPG,8.99,Living room,50304382
http://www.ikea.com/us/en/catalog/products/50165362/,BERTA RUTA,"Fabric, red/white medium check big check, red",http://www.ikea.com/us/en/images/products/berta-ruta-fabric-assorted-colors__55999_PE161345_S4.JPG,8.99,Living room,50165362
http://www.ikea.com/us/en/catalog/products/30217121/,BERTA RUTA,"Fabric, large check, beige",http://www.ikea.com/us/en/images/products/berta-ruta-fabric-beige__0134149_PE290050_S4.JPG,8.99,Living room,30217121
http://www.ikea.com/us/en/catalog/products/70223728/,BERTA RUTA,"Fabric, small check, gray",http://www.ikea.com/us/en/images/products/berta-ruta-fabric-gray__0137762_PE296489_S4.JPG,8.99,Living room,70223728
http://www.ikea.com/us/en/catalog/products/20264976/,BERTIL,"Chair pad, off-white",http://www.ikea.com/us/en/images/products/bertil-chair-pad-white__0205062_PE360069_S4.JPG,4.99,Textiles & Rugs,20264976
http://www.ikea.com/us/en/catalog/products/60265139/,BERTIL,"Chair pad, black",http://www.ikea.com/us/en/images/products/bertil-chair-pad-black__0322383_PE516659_S4.JPG,4.99,Textiles & Rugs,60265139
http://www.ikea.com/us/en/catalog/products/90141977/,BERTIL,"Chair pad, gray",http://www.ikea.com/us/en/images/products/bertil-chair-pad-gray__0084208_PE210683_S4.JPG,4.99,Textiles & Rugs,90141977
http://www.ikea.com/us/en/catalog/products/80260225/,BESKUREN,Dish towel,http://www.ikea.com/us/en/images/products/beskuren-dish-towel__0371472_PE551715_S4.JPG,6.99,Textiles & Rugs,80260225
http://www.ikea.com/us/en/catalog/products/90315741/,BESKYDDA,High visibility harness,http://www.ikea.com/us/en/images/products/beskydda-high-visibility-harness__0371946_PE553650_S4.JPG,12.99,Children's IKEA,90315741
http://www.ikea.com/us/en/catalog/products/10315735/,BESKYDDA,"High visibility vest, yellow XS, yellow",http://www.ikea.com/us/en/images/products/beskydda-high-visibility-vest-yellow__0371964_PE553649_S4.JPG,4.99,Children's IKEA,10315735
http://www.ikea.com/us/en/catalog/products/60315771/,BESKYDDA,"High visibility vest, yellow M, yellow",http://www.ikea.com/us/en/images/products/beskydda-high-visibility-vest-yellow__0372474_PE553644_S4.JPG,4.99,Children's IKEA,60315771
http://www.ikea.com/us/en/catalog/products/50236251/,BESÖKA,"Tray, fruit",http://www.ikea.com/us/en/images/products/besoka-tray__0276357_PE414797_S4.JPG,4.99,Eating,50236251
http://www.ikea.com/us/en/catalog/products/70245339/,BESTÅ BURS,"Desk, high gloss white",http://www.ikea.com/us/en/images/products/besta-burs-desk-white__0284009_PE421483_S4.JPG,199.00,Office furniture,70245339
http://www.ikea.com/us/en/catalog/products/40284030/,BESTÅ BURS,"Drawer unit on casters, high gloss white",http://www.ikea.com/us/en/images/products/besta-burs-drawer-unit-on-casters-white__0364839_PE548239_S4.JPG,99.00,Office furniture,40284030
http://www.ikea.com/us/en/catalog/products/30269129/,BESTÅ BURS,"TV unit, high gloss white",http://www.ikea.com/us/en/images/products/besta-burs-tv-unit-white__65138_PE175906_S4.JPG,249.00,Living room,30269129
http://www.ikea.com/us/en/catalog/products/10116081/,BESTÅ BURS,"Wall shelf, high gloss white",http://www.ikea.com/us/en/images/products/besta-burs-wall-shelf-white__65139_PE175907_S4.JPG,100.00,Living room,10116081
http://www.ikea.com/us/en/catalog/products/S49132805/,BESTÅ,"Shelf unit with door, white, Valviken dark brown",http://www.ikea.com/us/en/images/products/besta-shelf-unit-with-door-white__0412957_PE571816_S4.JPG,65.00,Living room,49132805
http://www.ikea.com/us/en/catalog/products/S19132784/,BESTÅ,"Shelf unit with door, white, Valviken gray-turquoise",http://www.ikea.com/us/en/images/products/besta-shelf-unit-with-door-white__0412941_PE571800_S4.JPG,78.00,Living room,19132784
http://www.ikea.com/us/en/catalog/products/S99132799/,BESTÅ,"Shelf unit with door, white, Valviken dark brown",http://www.ikea.com/us/en/images/products/besta-shelf-unit-with-door-white__0412926_PE571786_S4.JPG,55.00,Living room,99132799
http://www.ikea.com/us/en/catalog/products/S89132808/,BESTÅ,"Shelf unit with door, white, Valviken dark brown",http://www.ikea.com/us/en/images/products/besta-shelf-unit-with-door-white__0412995_PE571831_S4.JPG,90.00,Living room,89132808
http://www.ikea.com/us/en/catalog/products/S69132814/,BESTÅ,"Shelf unit with doors, white, Valviken dark brown",http://www.ikea.com/us/en/images/products/besta-shelf-unit-with-doors-white__0413030_PE571859_S4.JPG,150.00,Living room,69132814
http://www.ikea.com/us/en/catalog/products/S29132811/,BESTÅ,"Shelf unit with doors, white, Valviken dark brown",http://www.ikea.com/us/en/images/products/besta-shelf-unit-with-doors-white__0413013_PE571845_S4.JPG,120.00,Living room,29132811
http://www.ikea.com/us/en/catalog/products/S99138616/,BESTÅ,"Storage combination w/glass doors, white, Valviken dark brown clear glass",http://www.ikea.com/us/en/images/products/besta-storage-combination-w-glass-doors-white__0413321_PE571562_S4.JPG,410.00,Living room,99138616
http://www.ikea.com/us/en/catalog/products/S09138649/,BESTÅ,"Storage combination w/glass doors, white, Valviken gray-turquoise clear glass",http://www.ikea.com/us/en/images/products/besta-storage-combination-w-glass-doors-white__0413360_PE571520_S4.JPG,430.00,Living room,09138649
http://www.ikea.com/us/en/catalog/products/S79138815/,BESTÅ,"Storage combination w/glass doors, white, Valviken gray-turquoise clear glass",http://www.ikea.com/us/en/images/products/besta-storage-combination-w-glass-doors-white__0413403_PE571480_S4.JPG,510.00,Living room,79138815
http://www.ikea.com/us/en/catalog/products/S59136643/,BESTÅ,"Storage combination w doors/drawers, white, Valviken gray-turquoise",http://www.ikea.com/us/en/images/products/besta-storage-combination-w-doors-drawers-white__0413279_PE571592_S4.JPG,245.00,Dining,59136643
http://www.ikea.com/us/en/catalog/products/S79139867/,BESTÅ,"Storage combination with doors, white, Valviken gray-turquoise",http://www.ikea.com/us/en/images/products/besta-storage-combination-with-doors-white__0415153_PE574468_S4.JPG,295.00,Dining,79139867
http://www.ikea.com/us/en/catalog/products/S19136555/,BESTÅ,"Storage combination with drawers, white, Valviken gray-turquoise",http://www.ikea.com/us/en/images/products/besta-storage-combination-with-drawers-white__0413239_PE571620_S4.JPG,270.00,Dining,19136555
http://www.ikea.com/us/en/catalog/products/S89136731/,BESTÅ,"Storage combination with drawers, white, Valviken gray-turquoise",http://www.ikea.com/us/en/images/products/besta-storage-combination-with-drawers-white__0413437_PE571442_S4.JPG,325.00,Dining,89136731
http://www.ikea.com/us/en/catalog/products/S89138061/,BESTÅ,"TV bench with doors and drawers, white, Valviken gray-turquoise clear glass",http://www.ikea.com/us/en/images/products/besta-tv-bench-with-doors-and-drawers-white__0412416_PE572074_S4.JPG,354.00,Living room,89138061
http://www.ikea.com/us/en/catalog/products/S69136218/,BESTÅ,"TV bench with doors, white, Valviken gray-turquoise",http://www.ikea.com/us/en/images/products/besta-tv-bench-with-doors-white__0412608_PE571912_S4.JPG,194.00,Living room,69136218
http://www.ikea.com/us/en/catalog/products/S49086714/,BESTÅ,"TV storage combination/glass doors, Lappviken, Sindvik black-brown clear glass",http://www.ikea.com/us/en/images/products/besta-tv-storage-combination-glass-doors__0346860_PE535428_S4.JPG,469.00,Living room,49086714
http://www.ikea.com/us/en/catalog/products/S09124690/,BESTÅ,"TV storage combination/glass doors, black-brown, Selsviken high gloss/beige smoked glass",http://www.ikea.com/us/en/images/products/besta-tv-storage-combination-glass-doors__0389956_PE559583_S4.JPG,674.00,Living room,09124690
http://www.ikea.com/us/en/catalog/products/S29138484/,BESTÅ,"TV storage combination/glass doors, white, Valviken dark brown clear glass",http://www.ikea.com/us/en/images/products/besta-tv-storage-combination-glass-doors-white__0412534_PE571952_S4.JPG,959.00,Living room,29138484
http://www.ikea.com/us/en/catalog/products/S99136919/,BESTÅ,"TV storage combination/glass doors, white, Valviken gray-turquoise clear glass",http://www.ikea.com/us/en/images/products/besta-tv-storage-combination-glass-doors-white__0412081_PE572549_S4.JPG,275.00,Living room,99136919
http://www.ikea.com/us/en/catalog/products/S79137731/,BESTÅ,"TV storage combination/glass doors, white, Valviken gray-turquoise clear glass",http://www.ikea.com/us/en/images/products/besta-tv-storage-combination-glass-doors-white__0413090_PE571760_S4.JPG,749.00,Living room,79137731
http://www.ikea.com/us/en/catalog/products/S49137469/,BESTÅ,"TV storage combination/glass doors, white, Valviken gray-turquoise clear glass",http://www.ikea.com/us/en/images/products/besta-tv-storage-combination-glass-doors-white__0412245_PE572190_S4.JPG,399.00,Living room,49137469
http://www.ikea.com/us/en/catalog/products/S59137770/,BESTÅ,"TV storage combination/glass doors, white, Valviken dark brown clear glass",http://www.ikea.com/us/en/images/products/besta-tv-storage-combination-glass-doors-white__0413132_PE571722_S4.JPG,774.00,Living room,59137770
http://www.ikea.com/us/en/catalog/products/S19138352/,BESTÅ,"TV storage combination/glass doors, white, Valviken dark brown clear glass",http://www.ikea.com/us/en/images/products/besta-tv-storage-combination-glass-doors-white__0412492_PE571990_S4.JPG,719.00,Living room,19138352
http://www.ikea.com/us/en/catalog/products/S19138205/,BESTÅ,"TV storage combination/glass doors, white, Valviken dark brown clear glass",http://www.ikea.com/us/en/images/products/besta-tv-storage-combination-glass-doors-white__0412462_PE572040_S4.JPG,449.00,Living room,19138205
http://www.ikea.com/us/en/catalog/products/S09137602/,BESTÅ,"TV storage combination/glass doors, white, Valviken gray-turquoise clear glass",http://www.ikea.com/us/en/images/products/besta-tv-storage-combination-glass-doors-white__0412288_PE572150_S4.JPG,655.00,Living room,09137602
http://www.ikea.com/us/en/catalog/products/S19137319/,BESTÅ,"TV storage combination/glass doors, white, Valviken gray-turquoise clear glass",http://www.ikea.com/us/en/images/products/besta-tv-storage-combination-glass-doors-white__0412203_PE572230_S4.JPG,419.00,Living room,19137319
http://www.ikea.com/us/en/catalog/products/S29133491/,BESTÅ,"TV storage combination, white, Valviken gray-turquoise",http://www.ikea.com/us/en/images/products/besta-tv-storage-combination-white__0413175_PE571680_S4.JPG,624.00,Living room,29133491
http://www.ikea.com/us/en/catalog/products/40299885/,BESTÅ,"TV unit, black-brown",http://www.ikea.com/us/en/images/products/besta-tv-unit__0316215_PE516839_S4.JPG,79.00,Living room,40299885
http://www.ikea.com/us/en/catalog/products/80299874/,BESTÅ,"TV unit, black-brown",http://www.ikea.com/us/en/images/products/besta-tv-unit__0316238_PE516829_S4.JPG,99.00,Living room,80299874
http://www.ikea.com/us/en/catalog/products/70294508/,BESTÅ,"TV unit, black-brown",http://www.ikea.com/us/en/images/products/besta-tv-unit__0316226_PE516834_S4.JPG,89.00,Living room,70294508
http://www.ikea.com/us/en/catalog/products/80294503/,BESTÅ,"TV unit, white",http://www.ikea.com/us/en/images/products/besta-tv-unit-white__0384984_PE557581_S4.JPG,69.00,Living room,80294503
http://www.ikea.com/us/en/catalog/products/S49061228/,BESTÅ,"TV unit, black-brown",http://www.ikea.com/us/en/images/products/besta-tv-unit__0341771_PE531784_S4.JPG,104.00,Living room,49061228
http://www.ikea.com/us/en/catalog/products/S79123852/,BESTÅ,"TV unit, black-brown, Selsviken high gloss/beige clear glass",http://www.ikea.com/us/en/images/products/besta-tv-unit__0389833_PE559641_S4.JPG,274.00,Living room,79123852
http://www.ikea.com/us/en/catalog/products/S79133276/,BESTÅ,"TV unit, white, Valviken gray-turquoise",http://www.ikea.com/us/en/images/products/besta-tv-unit-white__0411745_PE572652_S4.JPG,219.00,Living room,79133276
http://www.ikea.com/us/en/catalog/products/S79137929/,BESTÅ,"TV unit with drawers, white, Valviken gray-turquoise clear glass",http://www.ikea.com/us/en/images/products/besta-tv-unit-with-drawers-white__0412346_PE572084_S4.JPG,279.00,Living room,79137929
http://www.ikea.com/us/en/catalog/products/S89133153/,BESTÅ,"TV unit with drawers, white, Valviken gray-turquoise",http://www.ikea.com/us/en/images/products/besta-tv-unit-with-drawers-white__0411669_PE572682_S4.JPG,184.00,Living room,89133153
http://www.ikea.com/us/en/catalog/products/S99133384/,BESTÅ,"TV unit with drawers, white, Valviken gray-turquoise",http://www.ikea.com/us/en/images/products/besta-tv-unit-with-drawers-white__0411778_PE572621_S4.JPG,229.00,Living room,99133384
http://www.ikea.com/us/en/catalog/products/S79136411/,BESTÅ,"TV unit with drawers, white, Valviken gray-turquoise",http://www.ikea.com/us/en/images/products/besta-tv-unit-with-drawers-white__0412640_PE571882_S4.JPG,274.00,Living room,79136411
http://www.ikea.com/us/en/catalog/products/40233333/,BETEENDE,"Decorative vase, black",http://www.ikea.com/us/en/images/products/beteende-decorative-vase-black__0190556_PE344001_S4.JPG,29.99,Decoration,40233333
http://www.ikea.com/us/en/catalog/products/20233334/,BETEENDE,"Vase, black",http://www.ikea.com/us/en/images/products/beteende-vase-black__0190558_PE344004_S4.JPG,19.99,Decoration,20233334
http://www.ikea.com/us/en/catalog/products/30237911/,BETRAKTA,"Table mirror with storage, black, green",http://www.ikea.com/us/en/images/products/betrakta-table-mirror-with-storage-black__0164436_PE319596_S4.JPG,9.99,Children's IKEA,30237911
http://www.ikea.com/us/en/catalog/products/30251940/,BETRAKTA,"Table mirror with storage, black, pink",http://www.ikea.com/us/en/images/products/betrakta-table-mirror-with-storage-black__0183322_PE334443_S4.JPG,9.99,Children's IKEA,30251940
http://www.ikea.com/us/en/catalog/products/90288752/,BETRODD,"Bottom freezer, Stainless steel",http://www.ikea.com/us/en/images/products/betrodd-bottom-freezer__0309632_PE428698_S4.JPG,"1,199.00",Kitchen & appliances,90288752
http://www.ikea.com/us/en/catalog/products/60288560/,BETRODD,"Double oven range/ceramic cooktop, Stainless steel",http://www.ikea.com/us/en/images/products/betrodd-double-oven-range-ceramic-cooktop__0307951_PE427962_S4.JPG,"1,249.00",Kitchen & appliances,60288560
http://www.ikea.com/us/en/catalog/products/60292265/,BETRODD,"Integrated dishwasher, Stainless steel",http://www.ikea.com/us/en/images/products/betrodd-integrated-dishwasher__0310190_PE429050_S4.JPG,699.00,Kitchen & appliances,60292265
http://www.ikea.com/us/en/catalog/products/20288915/,BETRODD,"Microwave oven with extractor fan, Stainless steel",http://www.ikea.com/us/en/images/products/betrodd-microwave-oven-with-extractor-fan__0309740_PE428733_S4.JPG,249.00,Kitchen & appliances,20288915
http://www.ikea.com/us/en/catalog/products/40288561/,BETRODD,"Range w/double oven and gas cooktop, Stainless steel",http://www.ikea.com/us/en/images/products/betrodd-range-w-double-oven-and-gas-cooktop__0307949_PE427964_S4.JPG,"1,299.00",Kitchen & appliances,40288561
http://www.ikea.com/us/en/catalog/products/80254804/,BETRODD,"Range with ceramic cooktop, Stainless steel",http://www.ikea.com/us/en/images/products/betrodd-range-with-ceramic-cooktop__0206479_PE360569_S4.JPG,649.00,Kitchen & appliances,80254804
http://www.ikea.com/us/en/catalog/products/10288553/,BETRODD,"Range with ceramic cooktop, Stainless steel",http://www.ikea.com/us/en/images/products/betrodd-range-with-ceramic-cooktop__0307953_PE427960_S4.JPG,849.00,Kitchen & appliances,10288553
http://www.ikea.com/us/en/catalog/products/00288558/,BETRODD,"Range with gas cooktop, Stainless steel",http://www.ikea.com/us/en/images/products/betrodd-range-with-gas-cooktop__0307948_PE427965_S4.JPG,899.00,Kitchen & appliances,00288558
http://www.ikea.com/us/en/catalog/products/30219889/,BETYDLIG,"Wall/ceiling bracket, white",http://www.ikea.com/us/en/images/products/betydlig-wall-ceiling-bracket-white__0143247_PE302791_S4.JPG,1.49,Living room,30219889
http://www.ikea.com/us/en/catalog/products/70083252/,BEVARA,"Sealing clip, set of 30, assorted colors, assorted sizes",http://www.ikea.com/us/en/images/products/bevara-sealing-clip-set-of-assorted-colors__80057_PE204230_S4.JPG,2.99,Small storage,70083252
http://www.ikea.com/us/en/catalog/products/40231287/,BEVARA,"Sealing clip, assorted colors",http://www.ikea.com/us/en/images/products/bevara-sealing-clip-assorted-colors__0138678_PE298424_S4.JPG,1.99,Small storage,40231287
http://www.ikea.com/us/en/catalog/products/00141340/,BIGARRÅ,"Plant pot with saucer, black indoor/outdoor, black",http://www.ikea.com/us/en/images/products/bigarra-plant-pot-with-saucer-black__0095017_PE233262_S4.JPG,39.99,Decoration,00141340
http://www.ikea.com/us/en/catalog/products/50259365/,BILD FJÄLLSTA,"Poster, assorted motifs",http://www.ikea.com/us/en/images/products/bild-fjallsta-poster__0368392_PE549908_S4.JPG,20.00,Decoration,50259365
http://www.ikea.com/us/en/catalog/products/00259363/,BILD FJÄLLSTA,"Poster, assorted motifs",http://www.ikea.com/us/en/images/products/bild-fjallsta-poster__0368389_PE549909_S4.JPG,15.00,Decoration,00259363
http://www.ikea.com/us/en/catalog/products/40311670/,BILD FJÄLLSTA,"Poster, assorted motifs",http://www.ikea.com/us/en/images/products/bild-fjallsta-poster__0368386_PE549910_S4.JPG,15.00,Decoration,40311670
http://www.ikea.com/us/en/catalog/products/40313099/,BILD FJÄLLSTA,"Poster, fun in the 60's",http://www.ikea.com/us/en/images/products/bild-fjallsta-poster__0368379_PE549912_S4.JPG,9.00,Decoration,40313099
http://www.ikea.com/us/en/catalog/products/00313100/,BILD FJÄLLSTA,"Poster, assorted motifs",http://www.ikea.com/us/en/images/products/bild-fjallsta-poster__0368383_PE549911_S4.JPG,15.00,Decoration,00313100
http://www.ikea.com/us/en/catalog/products/70311678/,BILD,"Poster, love note",http://www.ikea.com/us/en/images/products/bild-poster__0368397_PE549906_S4.JPG,8.00,Decoration,70311678
http://www.ikea.com/us/en/catalog/products/80313101/,BILD,"Poster, pears",http://www.ikea.com/us/en/images/products/bild-poster__0368394_PE549907_S4.JPG,5.00,Decoration,80313101
http://www.ikea.com/us/en/catalog/products/20259362/,BILD,"Poster, Cecile",http://www.ikea.com/us/en/images/products/bild-poster__0368399_PE549905_S4.JPG,10.00,Decoration,20259362
http://www.ikea.com/us/en/catalog/products/90311682/,BILD,"Poster, Manhattan map",http://www.ikea.com/us/en/images/products/bild-poster__0368401_PE549904_S4.JPG,10.00,Decoration,90311682
http://www.ikea.com/us/en/catalog/products/30312811/,BILD,"Poster, bus stop",http://www.ikea.com/us/en/images/products/bild-poster__0387472_PE558598_S4.JPG,3.00,Decoration,30312811
http://www.ikea.com/us/en/catalog/products/50285642/,BILD,"Poster, bird life",http://www.ikea.com/us/en/images/products/bild-poster__0387477_PE558593_S4.JPG,12.00,Decoration,50285642
http://www.ikea.com/us/en/catalog/products/70312814/,BILD,"Poster, Jeannie's spoons",http://www.ikea.com/us/en/images/products/bild-poster__0387473_PE558597_S4.JPG,5.00,Decoration,70312814
http://www.ikea.com/us/en/catalog/products/30285638/,BILD,"Poster, fresh and local",http://www.ikea.com/us/en/images/products/bild-poster__0387476_PE558594_S4.JPG,10.00,Decoration,30285638
http://www.ikea.com/us/en/catalog/products/90312813/,BILD,"Poster, excuse me Mr Robot",http://www.ikea.com/us/en/images/products/bild-poster__0387475_PE558595_S4.JPG,10.00,Decoration,90312813
http://www.ikea.com/us/en/catalog/products/70285641/,BILD,"Poster, wild flowers",http://www.ikea.com/us/en/images/products/bild-poster__0387474_PE558596_S4.JPG,8.00,Decoration,70285641
http://www.ikea.com/us/en/catalog/products/50312810/,BILD,"Poster, can't stop",http://www.ikea.com/us/en/images/products/bild-poster__0387479_PE558592_S4.JPG,10.00,Decoration,50312810
http://www.ikea.com/us/en/catalog/products/30270401/,BILLINGEN,"Drawer insert, white",http://www.ikea.com/us/en/images/products/billingen-drawer-insert-white__0275646_PE413898_S4.JPG,1.99,Bathroom,30270401
http://www.ikea.com/us/en/catalog/products/S39128719/,BILLSTA / JANINGE,"Table and 4 chairs, white, white",http://www.ikea.com/us/en/images/products/billsta-janinge-table-and-chairs-white__0389526_PE559210_S4.JPG,465.00,Dining,39128719
http://www.ikea.com/us/en/catalog/products/S09131619/,BILLSTA / LEIFARNE,"Table and 4 chairs, white, white",http://www.ikea.com/us/en/images/products/billsta-leifarne-table-and-chairs-white__0392213_PE560326_S4.JPG,435.99,Dining,09131619
http://www.ikea.com/us/en/catalog/products/S69131621/,BILLSTA / SVENBERTIL,"Table and 4 chairs, white, birch",http://www.ikea.com/us/en/images/products/billsta-svenbertil-table-and-chairs-white__0392219_PE560325_S4.JPG,395.00,Dining,69131621
http://www.ikea.com/us/en/catalog/products/S39128700/,BILLSTA,"Bar table, white, white",http://www.ikea.com/us/en/images/products/billsta-bar-table-white__0389959_PE559378_S4.JPG,169.00,Dining,39128700
http://www.ikea.com/us/en/catalog/products/S29128705/,BILLSTA,"Bar table, white, white",http://www.ikea.com/us/en/images/products/billsta-bar-table-white__0389967_PE559375_S4.JPG,119.00,Dining,29128705
http://www.ikea.com/us/en/catalog/products/S79128703/,BILLSTA,"Bar table, white, white",http://www.ikea.com/us/en/images/products/billsta-bar-table-white__0388810_PE559221_S4.JPG,129.00,Dining,79128703
http://www.ikea.com/us/en/catalog/products/10320039/,BILLSTA,"Star base, white",http://www.ikea.com/us/en/images/products/billsta-star-base-white__0389062_PE559219_S4.JPG,59.00,Dining,10320039
http://www.ikea.com/us/en/catalog/products/50320042/,BILLSTA,"Star base, white",http://www.ikea.com/us/en/images/products/billsta-star-base-white__0388820_PE559220_S4.JPG,69.00,Dining,50320042
http://www.ikea.com/us/en/catalog/products/S69128713/,BILLSTA,"Table, white, white",http://www.ikea.com/us/en/images/products/billsta-table-white__0389067_PE559216_S4.JPG,119.00,Dining,69128713
http://www.ikea.com/us/en/catalog/products/S19128715/,BILLSTA,"Table, white, white",http://www.ikea.com/us/en/images/products/billsta-table-white__0389068_PE559217_S4.JPG,109.00,Dining,19128715
http://www.ikea.com/us/en/catalog/products/S09128711/,BILLSTA,"Table, white, white",http://www.ikea.com/us/en/images/products/billsta-table-white__0389522_PE559212_S4.JPG,159.00,Dining,09128711
http://www.ikea.com/us/en/catalog/products/S49128709/,BILLSTA,"Table, white, white",http://www.ikea.com/us/en/images/products/billsta-table-white__0389066_PE559215_S4.JPG,219.99,Dining,49128709
http://www.ikea.com/us/en/catalog/products/80113588/,BILLSTA,"Table top, white",http://www.ikea.com/us/en/images/products/billsta-table-top-white__63930_PE171995_S4.JPG,70.00,Dining,80113588
http://www.ikea.com/us/en/catalog/products/00113592/,BILLSTA,"Table top, white",http://www.ikea.com/us/en/images/products/billsta-table-top-white__63935_PE171999_S4.JPG,50.00,Dining,00113592
http://www.ikea.com/us/en/catalog/products/10103489/,BILLSTA,"Table top, white",http://www.ikea.com/us/en/images/products/billsta-table-top-white__57590_PE163166_S4.JPG,100.00,Dining,10103489
http://www.ikea.com/us/en/catalog/products/40113590/,BILLSTA,"Table top, white",http://www.ikea.com/us/en/images/products/billsta-table-top-white__63933_PE171997_S4.JPG,60.00,Dining,40113590
http://www.ikea.com/us/en/catalog/products/S59128718/,BILLSTA,"Table with 2 tops, white, white",http://www.ikea.com/us/en/images/products/billsta-table-with-tops-white__0389524_PE559211_S4.JPG,189.00,Dining,59128718
http://www.ikea.com/us/en/catalog/products/30320142/,BILLSTA,"Underframe, rectangular white",http://www.ikea.com/us/en/images/products/billsta-underframe-white__0389506_PE559213_S4.JPG,89.00,Dining,30320142
http://www.ikea.com/us/en/catalog/products/40320047/,BILLSTA,"Underframe, round white",http://www.ikea.com/us/en/images/products/billsta-underframe-white__0389063_PE559218_S4.JPG,119.99,Dining,40320047
http://www.ikea.com/us/en/catalog/products/70320140/,BILLSTA,"Underframe, rectangular white",http://www.ikea.com/us/en/images/products/billsta-underframe-white__0389504_PE559214_S4.JPG,99.00,Dining,70320140
http://www.ikea.com/us/en/catalog/products/20320034/,BIRKET,"Fabric, multicolor",http://www.ikea.com/us/en/images/products/birket-fabric-assorted-colors__0409935_PE576250_S4.JPG,4.99,Living room,20320034
http://www.ikea.com/us/en/catalog/products/10322062/,BIRKET,"Rug, high pile, yellow, gray",http://www.ikea.com/us/en/images/products/birket-rug-high-pile-gray__0429408_PE584000_S4.JPG,129.00,Living room,10322062
http://www.ikea.com/us/en/catalog/products/20267456/,BISPGÅRDEN,"Picture, marine studies",http://www.ikea.com/us/en/images/products/bispgarden-picture__0239508_PE379084_S4.JPG,24.99,Decoration,20267456
http://www.ikea.com/us/en/catalog/products/70265030/,BISPGÅRDEN,"Picture, butterfly dream",http://www.ikea.com/us/en/images/products/bispgarden-picture__0270438_PE408358_S4.JPG,17.99,Decoration,70265030
http://www.ikea.com/us/en/catalog/products/90248426/,BISSA,"Shoe cabinet with 2 compartments, black, brown",http://www.ikea.com/us/en/images/products/bissa-shoe-cabinet-with-compartments-black__0179341_PE331762_S4.JPG,24.99,Hallway,90248426
http://www.ikea.com/us/en/catalog/products/50248428/,BISSA,"Shoe cabinet with 3 compartments, black, brown",http://www.ikea.com/us/en/images/products/bissa-shoe-cabinet-with-compartments-black__0179369_PE331766_S4.JPG,39.99,Hallway,50248428
http://www.ikea.com/us/en/catalog/products/00312723/,BITNIK,"Wall clock, metal white",http://www.ikea.com/us/en/images/products/bitnik-wall-clock-white__0406311_PE569289_S4.JPG,9.99,Decoration,00312723
http://www.ikea.com/us/en/catalog/products/10270421/,BITRÄDE,"Shelving unit, white",http://www.ikea.com/us/en/images/products/bitrade-shelving-unit-white__0368941_PE552019_S4.JPG,24.99,Living room,10270421
http://www.ikea.com/us/en/catalog/products/40239815/,BITRÄDE,"Shelving unit, white",http://www.ikea.com/us/en/images/products/bitrade-shelving-unit-white__0368940_PE552018_S4.JPG,34.99,Living room,40239815
http://www.ikea.com/us/en/catalog/products/60152590/,BJÄRNUM,"Folding hook, aluminum",http://www.ikea.com/us/en/images/products/bjarnum-folding-hook__0094926_PE232985_S4.JPG,9.99,Bedroom,60152590
http://www.ikea.com/us/en/catalog/products/40152591/,BJÄRNUM,"Hook, aluminum",http://www.ikea.com/us/en/images/products/bjarnum-hook__0094925_PE234382_S4.JPG,4.99,Bedroom,40152591
http://www.ikea.com/us/en/catalog/products/00313077/,BJÖRKSNÄS,"Rug, flatwoven, red",http://www.ikea.com/us/en/images/products/bjorksnas-rug-flatwoven-red__0371913_PE551547_S4.JPG,69.99,Living room,00313077
http://www.ikea.com/us/en/catalog/products/90087541/,BJÖRKUDDEN,"Bar table, birch",http://www.ikea.com/us/en/images/products/bjorkudden-bar-table__45941_PE142530_S4.JPG,129.00,Dining,90087541
http://www.ikea.com/us/en/catalog/products/70299695/,BJORLI,"Leg, stainless steel",http://www.ikea.com/us/en/images/products/bjorli-leg__0371577_PE551347_S4.JPG,15.00,Bedroom,70299695
http://www.ikea.com/us/en/catalog/products/50299696/,BJORLI,"Leg, white",http://www.ikea.com/us/en/images/products/bjorli-leg-white__0371579_PE551348_S4.JPG,15.00,Bedroom,50299696
http://www.ikea.com/us/en/catalog/products/70319146/,BJÖRNAMO,"Picture, set of 3, birds",http://www.ikea.com/us/en/images/products/bjornamo-picture-set-of-__0421637_PE577935_S4.JPG,24.99,Decoration,70319146
http://www.ikea.com/us/en/catalog/products/00312285/,BJÖRNÅN,"Shower curtain, stripe multicolor",http://www.ikea.com/us/en/images/products/bjornan-shower-curtain-assorted-colors__0369482_PE550989_S4.JPG,16.99,Bathroom,00312285
http://www.ikea.com/us/en/catalog/products/60240945/,BJÖRNLOKA,"Duvet cover and pillowcase(s), black white, black",http://www.ikea.com/us/en/images/products/bjornloka-duvet-cover-and-pillowcase-s-black__0409500_PE569797_S4.JPG,49.99,Bedroom,60240945
http://www.ikea.com/us/en/catalog/products/70229004/,BJÖRNLOKA,"Rug, flatwoven, beige handmade beige, black",http://www.ikea.com/us/en/images/products/bjornloka-rug-flatwoven-black__0150349_PE308488_S4.JPG,279.00,Living room,70229004
http://www.ikea.com/us/en/catalog/products/20235045/,BJÖRNLOKA RUTA,"Duvet cover and pillowcase(s), black/white",http://www.ikea.com/us/en/images/products/bjornloka-ruta-duvet-cover-and-pillowcase-s-assorted-colors__0409498_PE569795_S4.JPG,29.99,Bedroom,20235045
http://www.ikea.com/us/en/catalog/products/00282839/,BJURSNÄS,"Table, black-brown",http://www.ikea.com/us/en/images/products/bjursnas-table__0277204_PE416168_S4.JPG,129.00,Dining,00282839
http://www.ikea.com/us/en/catalog/products/S39885551/,BJURSTA / BERNHARD,"Table and 4 chairs, brown, Kavat white",http://www.ikea.com/us/en/images/products/bjursta-bernhard-table-and-chairs-white__0115351_PE268618_S4.JPG,865.00,Dining,39885551
http://www.ikea.com/us/en/catalog/products/S69885559/,BJURSTA / BERNHARD,"Table and 4 chairs, brown-black, Kavat dark brown",http://www.ikea.com/us/en/images/products/bjursta-bernhard-table-and-chairs-brown__0115369_PE268636_S4.JPG,835.00,Dining,69885559
http://www.ikea.com/us/en/catalog/products/S89892931/,BJURSTA / BÖRJE,"Table and 4 chairs, brown-black, Gobo white",http://www.ikea.com/us/en/images/products/bjursta-borje-table-and-chairs-white__0123254_PE279461_S4.JPG,395.00,Dining,89892931
http://www.ikea.com/us/en/catalog/products/S19898074/,BJURSTA / BÖRJE,"Table and 4 chairs, brown, Gobo white",http://www.ikea.com/us/en/images/products/bjursta-borje-table-and-chairs-white__0140937_PE300935_S4.JPG,395.00,Dining,19898074
http://www.ikea.com/us/en/catalog/products/S49917231/,BJURSTA / BÖRJE,"Table and 6 chairs, brown-black, Gobo white",http://www.ikea.com/us/en/images/products/bjursta-borje-table-and-chairs-white__0159502_PE316042_S4.JPG,543.00,Dining,49917231
http://www.ikea.com/us/en/catalog/products/S09129659/,BJURSTA / HENRIKSDAL,"Bar table and 4 bar stools, brown-black, Glose black",http://www.ikea.com/us/en/images/products/bjursta-henriksdal-bar-table-and-bar-stools-black__0117812_PE273105_S4.JPG,655.00,Dining,09129659
http://www.ikea.com/us/en/catalog/products/S49928263/,BJURSTA / HENRIKSDAL,"Table and 4 chairs, brown-black, Gobo white",http://www.ikea.com/us/en/images/products/bjursta-henriksdal-table-and-chairs-white__0207158_PE361161_S4.JPG,475.00,Dining,49928263
http://www.ikea.com/us/en/catalog/products/S29129663/,BJURSTA / HENRIKSDAL,"Table and 4 chairs, brown, Glose black",http://www.ikea.com/us/en/images/products/bjursta-henriksdal-table-and-chairs-black__0115347_PE277227_S4.JPG,795.00,Dining,29129663
http://www.ikea.com/us/en/catalog/products/S99917238/,BJURSTA / HENRIKSDAL,"Table and 6 chairs, birch veneer, Gobo white",http://www.ikea.com/us/en/images/products/bjursta-henriksdal-table-and-chairs-white__0159714_PE316049_S4.JPG,663.00,Dining,99917238
http://www.ikea.com/us/en/catalog/products/S19885547/,BJURSTA / HENRIKSDAL,"Table and 6 chairs, brown, Linneryd natural",http://www.ikea.com/us/en/images/products/bjursta-henriksdal-table-and-chairs-beige__0115349_PE268613_S4.JPG,843.00,Dining,19885547
http://www.ikea.com/us/en/catalog/products/S99129669/,BJURSTA / HENRIKSDAL,"Table and 6 chairs, brown-black, Glose black",http://www.ikea.com/us/en/images/products/bjursta-henriksdal-table-and-chairs-black__0161444_PE316303_S4.JPG,"1,143.00",Dining,99129669
http://www.ikea.com/us/en/catalog/products/S69932056/,BJURSTA / IDOLF,"Table and 4 chairs, black-brown, white",http://www.ikea.com/us/en/images/products/bjursta-idolf-table-and-chairs-brown__0188358_PE341200_S4.JPG,435.00,Dining,69932056
http://www.ikea.com/us/en/catalog/products/S79932089/,BJURSTA / IDOLF,"Table and 4 chairs, birch veneer, black",http://www.ikea.com/us/en/images/products/bjursta-idolf-table-and-chairs-black__0188360_PE341202_S4.JPG,435.00,Dining,79932089
http://www.ikea.com/us/en/catalog/products/S69919682/,BJURSTA / NILS,"Table and 1 stool, brown-black, Blekinge white",http://www.ikea.com/us/en/images/products/bjursta-nils-table-and-stool-white__0164674_PE319774_S4.JPG,84.99,Dining,69919682
http://www.ikea.com/us/en/catalog/products/S99917318/,BJURSTA / PREBEN,"Table and 4 chairs, brown-black, Tenö light gray",http://www.ikea.com/us/en/images/products/bjursta-preben-table-and-chairs-gray__0161421_PE316225_S4.JPG,675.00,Dining,99917318
http://www.ikea.com/us/en/catalog/products/S79010652/,BJURSTA / TERJE,"Table and 2 chairs, brown-black, black",http://www.ikea.com/us/en/images/products/bjursta-terje-table-and-chairs-black__0241983_PE381637_S4.JPG,138.98,Dining,79010652
http://www.ikea.com/us/en/catalog/products/S99915362/,BJURSTA / VILMAR,"Table and 4 chairs, brown-black, stripe black",http://www.ikea.com/us/en/images/products/bjursta-vilmar-table-and-chairs-black__0270256_PE408173_S4.JPG,355.00,Dining,99915362
http://www.ikea.com/us/en/catalog/products/50122198/,BLADET,"Vase, clear glass",http://www.ikea.com/us/en/images/products/bladet-vase__71454_PE186985_S4.JPG,39.99,Decoration,50122198
http://www.ikea.com/us/en/catalog/products/60150553/,BLADET,"Vase, clear glass",http://www.ikea.com/us/en/images/products/bladet-vase__0091180_PE226472_S4.JPG,9.99,Decoration,60150553
http://www.ikea.com/us/en/catalog/products/40223414/,BLADIS,"Basket, black",http://www.ikea.com/us/en/images/products/bladis-basket-black__0140974_PE300969_S4.JPG,14.99,Living room,40223414
http://www.ikea.com/us/en/catalog/products/50219355/,BLADIS,"Box with lid, black",http://www.ikea.com/us/en/images/products/bladis-box-with-lid-black__0140976_PE300971_S4.JPG,12.99,Living room,50219355
http://www.ikea.com/us/en/catalog/products/40313056/,BLÄDJAN,"Bath sheet, multicolor",http://www.ikea.com/us/en/images/products/bladjan-bath-sheet-assorted-colors__0387334_PE558558_S4.JPG,16.99,Bathroom,40313056
http://www.ikea.com/us/en/catalog/products/10313053/,BLÄDJAN,"Bath towel, multicolor",http://www.ikea.com/us/en/images/products/bladjan-bath-towel-assorted-colors__0387330_PE558564_S4.JPG,11.99,Bathroom,10313053
http://www.ikea.com/us/en/catalog/products/60313055/,BLÄDJAN,"Hand towel, multicolor",http://www.ikea.com/us/en/images/products/bladjan-hand-towel-assorted-colors__0387340_PE558552_S4.JPG,7.99,Bathroom,60313055
http://www.ikea.com/us/en/catalog/products/90313054/,BLÄDJAN,"Washcloth, multicolor",http://www.ikea.com/us/en/images/products/bladjan-washcloth-assorted-colors__0387346_PE558546_S4.JPG,3.99,Bathroom,90313054
http://www.ikea.com/us/en/catalog/products/40298027/,BLÅHAJ,"Soft toy, shark",http://www.ikea.com/us/en/images/products/blahaj-soft-toy__0120529_PE277198_S4.JPG,14.99,Children's IKEA,40298027
http://www.ikea.com/us/en/catalog/products/90169004/,BLÅMES,"Highchair with tray, red",http://www.ikea.com/us/en/images/products/blames-highchair-with-tray-red__0371817_PE552122_S4.JPG,59.99,Children's IKEA,90169004
http://www.ikea.com/us/en/catalog/products/50287684/,BLANDNING,"Lunch box for salad, green",http://www.ikea.com/us/en/images/products/blandning-lunch-box-for-salad-green__0314915_PE513582_S4.JPG,5.99,Small storage,50287684
http://www.ikea.com/us/en/catalog/products/50287797/,BLANKETT,"Handle, aluminum",http://www.ikea.com/us/en/images/products/blankett-handle__0282784_PE420361_S4.JPG,29.99,Living room,50287797
http://www.ikea.com/us/en/catalog/products/90226212/,BLANKETT,"Handle, aluminum",http://www.ikea.com/us/en/images/products/blankett-handle__0141735_PE301628_S4.JPG,24.99,Living room,90226212
http://www.ikea.com/us/en/catalog/products/10293658/,BLANKSJÖN,"Bathmat, white",http://www.ikea.com/us/en/images/products/blanksjon-bathmat-white__0307472_PE427611_S4.JPG,7.99,Bathroom,10293658
http://www.ikea.com/us/en/catalog/products/60298286/,BLANKSJÖN,"Bathmat, green",http://www.ikea.com/us/en/images/products/blanksjon-bathmat-green__0301252_PE426614_S4.JPG,7.99,Bathroom,60298286
http://www.ikea.com/us/en/catalog/products/70170329/,BLASKA,"Dust pan and brush, assorted colors",http://www.ikea.com/us/en/images/products/blaska-dust-pan-and-brush-assorted-colors__0097725_PE238542_S4.JPG,1.99,Laundry,70170329
http://www.ikea.com/us/en/catalog/products/20167744/,BLASKA,"Laundry basket, white",http://www.ikea.com/us/en/images/products/blaska-laundry-basket-white__0097726_PE238543_S4.JPG,4.99,Laundry,20167744
http://www.ikea.com/us/en/catalog/products/40217248/,BLÅST,"Finials, 1 pair, black",http://www.ikea.com/us/en/images/products/blast-finials-pair-black__0307920_PE427890_S4.JPG,7.99,Living room,40217248
http://www.ikea.com/us/en/catalog/products/60312292/,BLÅVIK,"LED wall lamp, battery operated white",http://www.ikea.com/us/en/images/products/blavik-led-wall-lamp-white__0364080_PE548414_S4.JPG,12.99,Bathroom,60312292
http://www.ikea.com/us/en/catalog/products/00312308/,BLÅVIK,"LED wall lamp with mirror, battery operated white",http://www.ikea.com/us/en/images/products/blavik-led-wall-lamp-with-mirror-white__0364076_PE548415_S4.JPG,17.99,Bathroom,00312308
http://www.ikea.com/us/en/catalog/products/30152676/,BLECKA,"Hook, stainless steel",http://www.ikea.com/us/en/images/products/blecka-hook__0096116_PE235593_S4.JPG,5.99,Bedroom,30152676
http://www.ikea.com/us/en/catalog/products/10271425/,BLEKVIDE,"Comforter, cooler",http://www.ikea.com/us/en/images/products/blekvide-comforter-cooler__0310693_PE407173_S4.JPG,129.00,Bedroom,10271425
http://www.ikea.com/us/en/catalog/products/50271447/,BLEKVIDE,"Comforter, warmer",http://www.ikea.com/us/en/images/products/blekvide-comforter-warmer__0310697_PE407175_S4.JPG,149.00,Bedroom,50271447
http://www.ikea.com/us/en/catalog/products/00261907/,BLEKVIVA,"Curtains with tie-backs, 1 pair, white",http://www.ikea.com/us/en/images/products/blekviva-curtains-with-tie-backs-pair-white__0243134_PE382466_S4.JPG,39.99,Living room,00261907
http://www.ikea.com/us/en/catalog/products/40261905/,BLEKVIVA,"Curtains with tie-backs, 1 pair, gray",http://www.ikea.com/us/en/images/products/blekviva-curtains-with-tie-backs-pair-gray__0243176_PE382494_S4.JPG,39.99,Living room,40261905
http://www.ikea.com/us/en/catalog/products/90262931/,BLEKVIVA,"Curtains with tie-backs, 1 pair, beige",http://www.ikea.com/us/en/images/products/blekviva-curtains-with-tie-backs-pair-beige__0270362_PE408297_S4.JPG,39.99,Living room,90262931
http://www.ikea.com/us/en/catalog/products/50314357/,BLOMSTERRIK,"Bowl, turquoise",http://www.ikea.com/us/en/images/products/blomsterrik-bowl-turquoise__0391393_PE560214_S4.JPG,2.99,Eating,50314357
http://www.ikea.com/us/en/catalog/products/70314356/,BLOMSTERRIK,"Glass, turquoise",http://www.ikea.com/us/en/images/products/blomsterrik-glass-turquoise__0391395_PE560215_S4.JPG,2.99,Eating,70314356
http://www.ikea.com/us/en/catalog/products/30314358/,BLOMSTERRIK,"Plate, turquoise",http://www.ikea.com/us/en/images/products/blomsterrik-plate-turquoise__0391396_PE560216_S4.JPG,2.99,Eating,30314358
http://www.ikea.com/us/en/catalog/products/S89847463/,BOHOLMEN,"1 1/2 bowl inset sink with drainer, stainless steel",http://www.ikea.com/us/en/images/products/boholmen-bowl-inset-sink-with-drainer__0398223_PE565808_S4.JPG,142.98,Kitchen & appliances,89847463
http://www.ikea.com/us/en/catalog/products/S39847465/,BOHOLMEN,"1 bowl inset sink with drainer, stainless steel",http://www.ikea.com/us/en/images/products/boholmen-bowl-inset-sink-with-drainer__0398232_PE565814_S4.JPG,145.99,Kitchen & appliances,39847465
http://www.ikea.com/us/en/catalog/products/S69847464/,BOHOLMEN,"1 bowl inset sink with drainer, stainless steel",http://www.ikea.com/us/en/images/products/boholmen-bowl-inset-sink-with-drainer__0398230_PE565812_S4.JPG,85.99,Kitchen & appliances,69847464
http://www.ikea.com/us/en/catalog/products/S99847467/,BOHOLMEN,"2 bowl inset sink with drainer, stainless steel",http://www.ikea.com/us/en/images/products/boholmen-bowl-inset-sink-with-drainer__0398241_PE565818_S4.JPG,202.98,Kitchen & appliances,99847467
http://www.ikea.com/us/en/catalog/products/00202545/,BOHOLMEN,"Chopping board, black",http://www.ikea.com/us/en/images/products/boholmen-chopping-board-black__0122323_PE278602_S4.JPG,9.99,Kitchen & appliances,00202545
http://www.ikea.com/us/en/catalog/products/70202542/,BOHOLMEN,"Chopping board, black",http://www.ikea.com/us/en/images/products/boholmen-chopping-board-black__0123656_PE279834_S4.JPG,5.99,Kitchen & appliances,70202542
http://www.ikea.com/us/en/catalog/products/30202544/,BOHOLMEN,"Colander, black",http://www.ikea.com/us/en/images/products/boholmen-colander-black__0122322_PE278601_S4.JPG,2.99,Kitchen & appliances,30202544
http://www.ikea.com/us/en/catalog/products/10208523/,BOHOLMEN,"Dish drainer and flatware basket, black, white",http://www.ikea.com/us/en/images/products/boholmen-dish-drainer-and-flatware-basket-black__0122321_PE278600_S4.JPG,7.99,Kitchen & appliances,10208523
http://www.ikea.com/us/en/catalog/products/S79847468/,BOHOLMEN,"Double-bowl inset sink, stainless steel",http://www.ikea.com/us/en/images/products/boholmen-double-bowl-inset-sink__0398243_PE565819_S4.JPG,162.98,Kitchen & appliances,79847468
http://www.ikea.com/us/en/catalog/products/S19907356/,BOHOLMEN,"Double-bowl inset sink, stainless steel",http://www.ikea.com/us/en/images/products/boholmen-double-bowl-inset-sink__0398160_PE565787_S4.JPG,142.98,Kitchen & appliances,19907356
http://www.ikea.com/us/en/catalog/products/S09847462/,BOHOLMEN,"Inset sink 1 1/2 bowl, stainless steel",http://www.ikea.com/us/en/images/products/boholmen-inset-sink-bowl__0398226_PE565810_S4.JPG,132.98,Kitchen & appliances,09847462
http://www.ikea.com/us/en/catalog/products/50202538/,BOHOLMEN,"Rinsing tub, black",http://www.ikea.com/us/en/images/products/boholmen-rinsing-tub-black__0122319_PE278598_S4.JPG,9.99,Kitchen & appliances,50202538
http://www.ikea.com/us/en/catalog/products/S49896422/,BOHOLMEN,"Single-bowl inset sink, stainless steel",http://www.ikea.com/us/en/images/products/boholmen-single-bowl-inset-sink__0398209_PE565798_S4.JPG,105.99,Kitchen & appliances,49896422
http://www.ikea.com/us/en/catalog/products/S99897221/,BOHOLMEN,"Single-bowl inset sink, stainless steel",http://www.ikea.com/us/en/images/products/boholmen-single-bowl-inset-sink__0398205_PE565794_S4.JPG,46.98,Kitchen & appliances,99897221
http://www.ikea.com/us/en/catalog/products/60208525/,BOHOLMEN,"Washing and rinsing basket, white",http://www.ikea.com/us/en/images/products/boholmen-washing-and-rinsing-basket-white__0122320_PE278599_S4.JPG,14.99,Kitchen & appliances,60208525
http://www.ikea.com/us/en/catalog/products/40155033/,BÖJA,"Floor lamp, nickel plated, rattan",http://www.ikea.com/us/en/images/products/boja-floor-lamp-beige__0096239_PE235786_S4.JPG,59.99,Living room,40155033
http://www.ikea.com/us/en/catalog/products/70155036/,BÖJA,"Pendant lamp, rattan",http://www.ikea.com/us/en/images/products/boja-pendant-lamp-beige__0097560_PE238217_S4.JPG,69.99,Living room,70155036
http://www.ikea.com/us/en/catalog/products/90155040/,BÖJA,"Table lamp, nickel plated, rattan",http://www.ikea.com/us/en/images/products/boja-table-lamp-beige__0097565_PE238220_S4.JPG,39.99,Living room,90155040
http://www.ikea.com/us/en/catalog/products/30207155/,BOKSEL,"Coffee table, white",http://www.ikea.com/us/en/images/products/boksel-coffee-table-white__0119835_PE276267_S4.JPG,139.00,Living room,30207155
http://www.ikea.com/us/en/catalog/products/80295362/,BOKVIK,"Bath sheet, multicolor",http://www.ikea.com/us/en/images/products/bokvik-bath-sheet-assorted-colors__0372336_PE552134_S4.JPG,12.99,Bathroom,80295362
http://www.ikea.com/us/en/catalog/products/20295360/,BOKVIK,"Bath towel, multicolor",http://www.ikea.com/us/en/images/products/bokvik-bath-towel-assorted-colors__0360446_PE546601_S4.JPG,8.99,Bathroom,20295360
http://www.ikea.com/us/en/catalog/products/90295366/,BOKVIK,"Hand towel, multicolor",http://www.ikea.com/us/en/images/products/bokvik-hand-towel-assorted-colors__0372351_PE552132_S4.JPG,4.99,Bathroom,90295366
http://www.ikea.com/us/en/catalog/products/80295277/,BOKVIK,"Shower curtain, multicolor",http://www.ikea.com/us/en/images/products/bokvik-shower-curtain-assorted-colors__0291772_PE425077_S4.JPG,9.99,Bathroom,80295277
http://www.ikea.com/us/en/catalog/products/10295370/,BOKVIK,"Washcloth, multicolor",http://www.ikea.com/us/en/images/products/bokvik-washcloth-assorted-colors__0371650_PE551482_S4.JPG,2.99,Bathroom,10295370
http://www.ikea.com/us/en/catalog/products/60325299/,BOLLOLVON,"Block-out curtains, 1 pair, gray",http://www.ikea.com/us/en/images/products/bollolvon-block-out-curtains-pair-gray__0454380_PE602719_S4.JPG,14.99,Living room,60325299
http://www.ikea.com/us/en/catalog/products/70286532/,BOLLTISTEL,"Duvet cover and pillowcase(s), gray, yellow",http://www.ikea.com/us/en/images/products/bolltistel-duvet-cover-and-pillowcase-s-gray__0409467_PE569764_S4.JPG,39.99,Bedroom,70286532
http://www.ikea.com/us/en/catalog/products/70289031/,BOLLTISTEL,"Duvet cover and pillowcase(s), blue",http://www.ikea.com/us/en/images/products/bolltistel-duvet-cover-and-pillowcase-s-blue__0409468_PE569765_S4.JPG,29.99,Bedroom,70289031
http://www.ikea.com/us/en/catalog/products/80286391/,BOLLTISTEL,"Fabric, blue, multicolor",http://www.ikea.com/us/en/images/products/bolltistel-fabric-assorted-colors__0270998_PE412694_S4.JPG,7.99,Living room,80286391
http://www.ikea.com/us/en/catalog/products/80298676/,BOLMÅN,"Bath sheet, multicolor",http://www.ikea.com/us/en/images/products/bolman-bath-sheet-assorted-colors__0360163_PE546606_S4.JPG,12.99,Bathroom,80298676
http://www.ikea.com/us/en/catalog/products/30298674/,BOLMÅN,"Bath towel, multicolor",http://www.ikea.com/us/en/images/products/bolman-bath-towel-assorted-colors__0360157_PE546605_S4.JPG,8.99,Bathroom,30298674
http://www.ikea.com/us/en/catalog/products/00298680/,BOLMÅN,"Hand towel, multicolor",http://www.ikea.com/us/en/images/products/bolman-hand-towel-assorted-colors__0360166_PE546608_S4.JPG,4.99,Bathroom,00298680
http://www.ikea.com/us/en/catalog/products/70298686/,BOLMÅN,"Shower curtain, multicolor",http://www.ikea.com/us/en/images/products/bolman-shower-curtain-assorted-colors__0302060_PE426989_S4.JPG,14.99,Bathroom,70298686
http://www.ikea.com/us/en/catalog/products/20298684/,BOLMÅN,"Washcloth, multicolor",http://www.ikea.com/us/en/images/products/bolman-washcloth-assorted-colors__0360168_PE546609_S4.JPG,2.99,Bathroom,20298684
http://www.ikea.com/us/en/catalog/products/51725112/,BOMULL,"Fabric, unbleached",http://www.ikea.com/us/en/images/products/bomull-fabric-beige__24986_PE109770_S4.JPG,1.99,Living room,51725112
http://www.ikea.com/us/en/catalog/products/70152467/,BONDIS,"Wall clock, black",http://www.ikea.com/us/en/images/products/bondis-wall-clock-black__0096033_PE235389_S4.JPG,19.99,Decoration,70152467
http://www.ikea.com/us/en/catalog/products/00291297/,BORGHILD,"Sheer curtains, 1 pair, white",http://www.ikea.com/us/en/images/products/borghild-sheer-curtains-pair-white__0170487_PE324440_S4.JPG,24.99,Living room,00291297
http://www.ikea.com/us/en/catalog/products/S79122485/,BÖRJA / SMÅGLI,5-piece place setting,http://www.ikea.com/us/en/images/products/borja-smagli-piece-place-setting__0365545_PE549342_S4.JPG,7.99,Children's IKEA,79122485
http://www.ikea.com/us/en/catalog/products/40199287/,BÖRJA,Feeding and baby spoon,http://www.ikea.com/us/en/images/products/borja-feeding-and-baby-spoon__0155151_PE313401_S4.JPG,1.00,Children's IKEA,40199287
http://www.ikea.com/us/en/catalog/products/20213883/,BÖRJA,Training cup,http://www.ikea.com/us/en/images/products/borja-training-cup__0155149_PE313399_S4.JPG,2.00,Children's IKEA,20213883
http://www.ikea.com/us/en/catalog/products/30116202/,BÖRJE,"Chair, birch, Gobo white",http://www.ikea.com/us/en/images/products/borje-chair-white__73957_PE190723_S4.JPG,49.00,Dining,30116202
http://www.ikea.com/us/en/catalog/products/90116850/,BÖRJE,"Chair, brown-black, Gobo white",http://www.ikea.com/us/en/images/products/borje-chair-white__73963_PE190725_S4.JPG,49.00,Dining,90116850
http://www.ikea.com/us/en/catalog/products/60182281/,BÖRJE,"Chair, brown, Gobo white",http://www.ikea.com/us/en/images/products/borje-chair-white__0121732_PE278342_S4.JPG,49.00,Dining,60182281
http://www.ikea.com/us/en/catalog/products/30211534/,BÖRJE,"Chair, white, Kungsvik sand",http://www.ikea.com/us/en/images/products/borje-chair-white__0133759_PE289236_S4.JPG,49.00,Dining,30211534
http://www.ikea.com/us/en/catalog/products/30270142/,BORRBY,"Lantern for block candle, white indoor/outdoor white",http://www.ikea.com/us/en/images/products/borrby-lantern-for-block-candle-white__0153864_PE312299_S4.JPG,7.99,Decoration,30270142
http://www.ikea.com/us/en/catalog/products/90270144/,BORRBY,"Lantern for block candle, white indoor/outdoor white",http://www.ikea.com/us/en/images/products/borrby-lantern-for-block-candle-white__0153865_PE312286_S4.JPG,14.99,Decoration,90270144
http://www.ikea.com/us/en/catalog/products/70156111/,BORRBY,"Lantern for block candle, black indoor/outdoor black",http://www.ikea.com/us/en/images/products/borrby-lantern-for-block-candle-black__0175235_PE328634_S4.JPG,14.99,Decoration,70156111
http://www.ikea.com/us/en/catalog/products/10156109/,BORRBY,"Lantern for block candle, black indoor/outdoor black",http://www.ikea.com/us/en/images/products/borrby-lantern-for-block-candle-black__0175234_PE328633_S4.JPG,7.99,Decoration,10156109
http://www.ikea.com/us/en/catalog/products/80186688/,BORRIS,"Door mat, dark blue",http://www.ikea.com/us/en/images/products/borris-door-mat-blue__0106308_PE254355_S4.JPG,1.29,Textiles & Rugs,80186688
http://www.ikea.com/us/en/catalog/products/80266699/,BOSNÄS,"Footstool with storage, Ransta yellow",http://www.ikea.com/us/en/images/products/bosnas-footstool-with-storage-yellow__0241135_PE381200_S4.JPG,14.99,Living room,80266699
http://www.ikea.com/us/en/catalog/products/70087212/,BOSSE,"Bar stool, birch",http://www.ikea.com/us/en/images/products/bosse-bar-stool__45919_PE142507_S4.JPG,49.99,Dining,70087212
http://www.ikea.com/us/en/catalog/products/40279731/,BOTKYRKA,"Wall shelf, white",http://www.ikea.com/us/en/images/products/botkyrka-wall-shelf-white__0241250_PE381304_S4.JPG,29.99,Kitchen & appliances,40279731
http://www.ikea.com/us/en/catalog/products/60150176/,BRÄDA,"Laptop support, black",http://www.ikea.com/us/en/images/products/brada-laptop-support-black__0094156_PE231892_S4.JPG,4.99,Office furniture,60150176
http://www.ikea.com/us/en/catalog/products/40148622/,BRÄDA,"Laptop support, black/white",http://www.ikea.com/us/en/images/products/brada-laptop-support-assorted-colors__0094069_PE231803_S4.JPG,9.99,Office furniture,40148622
http://www.ikea.com/us/en/catalog/products/40312863/,BRALLER,"Alarm clock, brass color",http://www.ikea.com/us/en/images/products/braller-alarm-clock-yellow__0398673_PE563587_S4.JPG,5.99,Decoration,40312863
http://www.ikea.com/us/en/catalog/products/S29010975/,BRAMSÖN / FLISÖ,"Umbrella with base, black",http://www.ikea.com/us/en/images/products/bramson-fliso-umbrella-with-base-black__0279999_PE405282_S4.JPG,44.99,Outdoor,29010975
http://www.ikea.com/us/en/catalog/products/90265760/,BRAMSÖN,"Umbrella base, black",http://www.ikea.com/us/en/images/products/bramson-umbrella-base-black__0239590_PE379174_S4.JPG,25.00,Outdoor,90265760
http://www.ikea.com/us/en/catalog/products/00282405/,BRANÄS,"Basket, dark gray",http://www.ikea.com/us/en/images/products/branas-basket-gray__0249563_PE387790_S4.JPG,12.99,Living room,00282405
http://www.ikea.com/us/en/catalog/products/20214731/,BRANÄS,"Laundry basket with lining, rattan",http://www.ikea.com/us/en/images/products/branas-laundry-basket-with-lining__0146349_PE305340_S4.JPG,39.99,Laundry,20214731
http://www.ikea.com/us/en/catalog/products/80299690/,BRATTVÅG,"Leg, white",http://www.ikea.com/us/en/images/products/brattvag-leg-white__0371610_PE551362_S4.JPG,15.00,Bedroom,80299690
http://www.ikea.com/us/en/catalog/products/80309613/,BRATTVÅG,"Leg, black",http://www.ikea.com/us/en/images/products/brattvag-leg-black__0371585_PE551351_S4.JPG,15.00,Bedroom,80309613
http://www.ikea.com/us/en/catalog/products/40270429/,BRÅVIKEN,"Sink, 1 bowl, light gray stone",http://www.ikea.com/us/en/images/products/braviken-sink-bowl-gray__0404574_PE316487_S4.JPG,230.00,Bathroom,40270429
http://www.ikea.com/us/en/catalog/products/60148310/,BRÅVIKEN,"Sink, 1 bowl, white",http://www.ikea.com/us/en/images/products/braviken-sink-bowl-white__0404558_PE236036_S4.JPG,250.00,Bathroom,60148310
http://www.ikea.com/us/en/catalog/products/00148308/,BRÅVIKEN,"Sink, 2 bowls, white",http://www.ikea.com/us/en/images/products/braviken-sink-bowls-white__0404551_PE236034_S4.JPG,300.00,Bathroom,00148308
http://www.ikea.com/us/en/catalog/products/60098975/,BRAVUR,"Wall clock, black",http://www.ikea.com/us/en/images/products/bravur-wall-clock-black__29234_PE116289_S4.JPG,49.99,Decoration,60098975
http://www.ikea.com/us/en/catalog/products/30202110/,BREDSKÄR,"Chopping board, oak",http://www.ikea.com/us/en/images/products/bredskar-chopping-board__0150010_PE317441_S4.JPG,19.99,Kitchen & appliances,30202110
http://www.ikea.com/us/en/catalog/products/70202113/,BREDSKÄR,"Colander, stainless steel",http://www.ikea.com/us/en/images/products/bredskar-colander__0150013_PE308149_S4.JPG,24.99,Kitchen & appliances,70202113
http://www.ikea.com/us/en/catalog/products/S09872036/,BREDSKÄR,"Single-bowl inset sink, stainless steel",http://www.ikea.com/us/en/images/products/bredskar-single-bowl-inset-sink__0104073_PE250718_S4.JPG,255.99,Kitchen & appliances,09872036
http://www.ikea.com/us/en/catalog/products/S79888699/,BREDSKÄR,"Single-bowl inset sink, stainless steel",http://www.ikea.com/us/en/images/products/bredskar-single-bowl-inset-sink__0400794_PE565775_S4.JPG,305.99,Kitchen & appliances,79888699
http://www.ikea.com/us/en/catalog/products/80258883/,BREDVID,"Paper napkin, red, light pink orange",http://www.ikea.com/us/en/images/products/bredvid-paper-napkin-pink__0328903_PE520571_S4.JPG,1.99,Eating,80258883
http://www.ikea.com/us/en/catalog/products/70288951/,BREIM,"Wardrobe, blue",http://www.ikea.com/us/en/images/products/breim-wardrobe-blue__0291705_PE424964_S4.JPG,29.99,Bedroom,70288951
http://www.ikea.com/us/en/catalog/products/20299688/,BRENNÅSEN,"Leg, black stained",http://www.ikea.com/us/en/images/products/brennasen-leg__0371592_PE551354_S4.JPG,15.00,Bedroom,20299688
http://www.ikea.com/us/en/catalog/products/00299415/,BRICKAN,"Mirror cabinet, white",http://www.ikea.com/us/en/images/products/brickan-mirror-cabinet-white__0375288_PE553262_S4.JPG,99.00,Bathroom,00299415
http://www.ikea.com/us/en/catalog/products/80306539/,BRICKAN,"Mirror with storage unit, white",http://www.ikea.com/us/en/images/products/brickan-mirror-with-storage-unit-white__0364826_PE548306_S4.JPG,49.99,Bathroom,80306539
http://www.ikea.com/us/en/catalog/products/50299408/,BRICKAN,"Wall shelf, white",http://www.ikea.com/us/en/images/products/brickan-wall-shelf-white__0364830_PE548307_S4.JPG,24.99,Bathroom,50299408
http://www.ikea.com/us/en/catalog/products/50269171/,BRIMNES,"Daybed frame with 2 drawers, black",http://www.ikea.com/us/en/images/products/brimnes-daybed-frame-with-drawers-black__0217642_PE375161_S4.JPG,279.00,Living room,50269171
http://www.ikea.com/us/en/catalog/products/30269172/,BRIMNES,"Headboard with storage compartment, black",http://www.ikea.com/us/en/images/products/brimnes-headboard-with-storage-compartment-black__0217643_PE375162_S4.JPG,130.00,Bedroom,30269172
http://www.ikea.com/us/en/catalog/products/10285724/,BRINGEN,"Shower curtain rings, stainless steel",http://www.ikea.com/us/en/images/products/bringen-shower-curtain-rings__0371415_PE551799_S4.JPG,5.99,Bathroom,10285724
http://www.ikea.com/us/en/catalog/products/50228816/,BRÖD MJUKKAKA,"Soft wheat bread, frozen",http://www.ikea.com/us/en/images/products/brod-mjukkaka-soft-wheat-bread-frozen__0142016_PE301982_S4.JPG,1.99,Food,50228816
http://www.ikea.com/us/en/catalog/products/00262898/,BROKÖ,"Fire pit, outdoor, black",http://www.ikea.com/us/en/images/products/broko-fire-pit-outdoor-black__0217600_PE374792_S4.JPG,29.99,Outdoor,00262898
http://www.ikea.com/us/en/catalog/products/00287040/,BROMELIACEAE,"Potted plant, Bromeliad",http://www.ikea.com/us/en/images/products/bromeliaceae-potted-plant__0208393_PE362293_S4.JPG,9.99,Outdoor,00287040
http://www.ikea.com/us/en/catalog/products/10288628/,BRORINGE,"Underframe, chrome plated",http://www.ikea.com/us/en/images/products/broringe-underframe__0375994_PE553899_S4.JPG,15.00,Dining,10288628
http://www.ikea.com/us/en/catalog/products/90264299/,BRUMBJÖRN,"Baby blanket, white, beige",http://www.ikea.com/us/en/images/products/brumbjorn-baby-blanket-white__0213829_PE369482_S4.JPG,7.99,Children's IKEA,90264299
http://www.ikea.com/us/en/catalog/products/30244884/,BRUMMA,"Soft toy with clothes, bear",http://www.ikea.com/us/en/images/products/brumma-soft-toy-with-clothes__0162765_PE318056_S4.JPG,9.99,Children's IKEA,30244884
http://www.ikea.com/us/en/catalog/products/20099547/,BRUNKRISSLA,"Duvet cover and pillowcase(s), black, gray",http://www.ikea.com/us/en/images/products/brunkrissla-duvet-cover-and-pillowcase-s-black__0409499_PE569796_S4.JPG,29.99,Bedroom,20099547
http://www.ikea.com/us/en/catalog/products/30039807/,BRUNKRISSLA,"Duvet cover and pillowcase(s), red",http://www.ikea.com/us/en/images/products/brunkrissla-duvet-cover-and-pillowcase-s-red__0409502_PE569799_S4.JPG,29.99,Bedroom,30039807
http://www.ikea.com/us/en/catalog/products/70043770/,BRUNKRISSLA,"Duvet cover and pillowcase(s), blue",http://www.ikea.com/us/en/images/products/brunkrissla-duvet-cover-and-pillowcase-s-blue__0409501_PE569798_S4.JPG,29.99,Bedroom,70043770
http://www.ikea.com/us/en/catalog/products/50162066/,BRYGGKAFFE MELLANROST,"Decaffeinated coffee, Utz certified",http://www.ikea.com/us/en/images/products/bryggkaffe-mellanrost-decaffeinated-coffee__0094240_PE232016_S4.JPG,3.99,Food,50162066
http://www.ikea.com/us/en/catalog/products/30144889/,BRYGGKAFFE MELLANROST,"Ground coffee, medium roast, Utz certified",http://www.ikea.com/us/en/images/products/bryggkaffe-mellanrost-ground-coffee-medium-roast__0105259_PE252384_S4.JPG,4.99,Food,30144889
http://www.ikea.com/us/en/catalog/products/00144895/,BRYGGKAFFE MÖRKROST,"Ground coffee, dark roast, Utz certified",http://www.ikea.com/us/en/images/products/bryggkaffe-morkrost-ground-coffee-dark-roast__0087049_PE215997_S4.JPG,3.99,Food,00144895
http://www.ikea.com/us/en/catalog/products/44361010/,BRYNE,"Net, white",http://www.ikea.com/us/en/images/products/bryne-net-white__0117065_PE272335_S4.JPG,19.99,Bedroom,44361010
http://www.ikea.com/us/en/catalog/products/40309605/,BRYNET,"LED picture light, silver color",http://www.ikea.com/us/en/images/products/brynet-led-picture-light__0371451_PE551469_S4.JPG,29.99,Outdoor,40309605
http://www.ikea.com/us/en/catalog/products/70309604/,BRYNET,"LED picture light, black",http://www.ikea.com/us/en/images/products/brynet-led-picture-light-black__0377176_PE554302_S4.JPG,29.99,Living room,70309604
http://www.ikea.com/us/en/catalog/products/60299691/,BRYNILEN,"Leg, oak",http://www.ikea.com/us/en/images/products/brynilen-leg__0371596_PE551356_S4.JPG,15.00,Bedroom,60299691
http://www.ikea.com/us/en/catalog/products/30264886/,BULLIG,"Box, bamboo",http://www.ikea.com/us/en/images/products/bullig-box__0372088_PE551684_S4.JPG,14.99,Living room,30264886
http://www.ikea.com/us/en/catalog/products/20281848/,BULLRA,"18-piece dinnerware set, blue, flower",http://www.ikea.com/us/en/images/products/bullra-piece-dinnerware-set-blue__0369271_PE550901_S4.JPG,39.99,Eating,20281848
http://www.ikea.com/us/en/catalog/products/20238534/,BUMERANG,"Hanger, black",http://www.ikea.com/us/en/images/products/bumerang-hanger-black__0192376_PE347079_S4.JPG,4.99,Bedroom,20238534
http://www.ikea.com/us/en/catalog/products/60240403/,BUMERANG,"Pants/skirt hanger, chrome plated",http://www.ikea.com/us/en/images/products/bumerang-pants-skirt-hanger__0240302_PE379915_S4.JPG,0.99,Bedroom,60240403
http://www.ikea.com/us/en/catalog/products/80078938/,BUMERANG,"Pants hanger, natural",http://www.ikea.com/us/en/images/products/bumerang-pants-hanger-beige__42332_PE137009_S4.JPG,0.99,Bedroom,80078938
http://www.ikea.com/us/en/catalog/products/70293274/,BUMERANG,"Shoulder shaper for hanger, white",http://www.ikea.com/us/en/images/products/bumerang-shoulder-shaper-for-hanger-white__0422262_PE578440_S4.JPG,0.50,Bedroom,70293274
http://www.ikea.com/us/en/catalog/products/30308569/,BUNSÖ,"Children's chair, outdoor, orange",http://www.ikea.com/us/en/images/products/bunso-children-s-chair-outdoor-orange__0399663_PE565943_S4.JPG,14.99,Outdoor,30308569
http://www.ikea.com/us/en/catalog/products/40299687/,BURFJORD,"Leg, oak",http://www.ikea.com/us/en/images/products/burfjord-leg__0371600_PE551358_S4.JPG,15.00,Bedroom,40299687
http://www.ikea.com/us/en/catalog/products/86130100/,BURKEN,"Jar with lid, clear glass, aluminum",http://www.ikea.com/us/en/images/products/burken-jar-with-lid__25698_PE081013_S4.JPG,3.99,Small storage,86130100
http://www.ikea.com/us/en/catalog/products/06130000/,BURKEN,"Jar with lid, clear glass, aluminum",http://www.ikea.com/us/en/images/products/burken-jar-with-lid__26059_PE111053_S4.JPG,4.99,Small storage,06130000
http://www.ikea.com/us/en/catalog/products/50081452/,BURKEN,"Jar with lid, clear glass, aluminum",http://www.ikea.com/us/en/images/products/burken-jar-with-lid__37950_PE129924_S4.JPG,2.99,Small storage,50081452
http://www.ikea.com/us/en/catalog/products/60243576/,BUSA,Children's tent,http://www.ikea.com/us/en/images/products/busa-children-s-tent__0184459_PE336184_S4.JPG,9.99,Children's IKEA,60243576
http://www.ikea.com/us/en/catalog/products/90192014/,BUSA,Play tunnel,http://www.ikea.com/us/en/images/products/busa-play-tunnel__0124478_PE281145_S4.JPG,14.99,Children's IKEA,90192014
http://www.ikea.com/us/en/catalog/products/00301908/,BUSBASSE,"Book-end, white",http://www.ikea.com/us/en/images/products/busbasse-book-end-white__0103371_PE249407_S4.JPG,1.99,Office furniture,00301908
http://www.ikea.com/us/en/catalog/products/80292250/,BYARUM,"Picture, birch effect, yellow",http://www.ikea.com/us/en/images/products/byarum-picture-yellow__0341792_PE547597_S4.JPG,4.99,Decoration,80292250
http://www.ikea.com/us/en/catalog/products/80227797/,BYÅS,"TV unit, high gloss white",http://www.ikea.com/us/en/images/products/byas-tv-unit-white__0144833_PE304277_S4.JPG,119.00,Living room,80227797
http://www.ikea.com/us/en/catalog/products/10271091/,BYGEL,"Container, assorted colors",http://www.ikea.com/us/en/images/products/bygel-container-assorted-colors__0250474_PE388833_S4.JPG,0.99,Kitchen & appliances,10271091
http://www.ikea.com/us/en/catalog/products/S69896888/,BYHOLMA / MARIEBERG,"Chair, gray, Laila natural",http://www.ikea.com/us/en/images/products/byholma-marieberg-chair-beige__0152745_PE311056_S4.JPG,114.98,Living room,69896888
http://www.ikea.com/us/en/catalog/products/40209366/,BYHOLMA,"Basket, brown",http://www.ikea.com/us/en/images/products/byholma-basket-brown__0132952_PE287932_S4.JPG,7.99,Living room,40209366
http://www.ikea.com/us/en/catalog/products/60158304/,BYHOLMA,"Chair, gray",http://www.ikea.com/us/en/images/products/byholma-chair-gray__0153946_PE312353_S4.JPG,99.99,Living room,60158304
http://www.ikea.com/us/en/catalog/products/60163174/,BYHOLMA,"Chest, gray",http://www.ikea.com/us/en/images/products/byholma-chest-gray__0095688_PE234552_S4.JPG,59.99,Living room,60163174
http://www.ikea.com/us/en/catalog/products/10278243/,BYLLAN,"Laptop support, Majviken multicolor, white",http://www.ikea.com/us/en/images/products/byllan-laptop-support-assorted-colors__0241097_PE381163_S4.JPG,14.99,Office furniture,10278243
