http://www.ikea.com/us/en/catalog/products/60137571/,FABLER,"3-piece flatware set, stainless steel",http://www.ikea.com/us/en/images/products/fabler-piece-flatware-set__0098666_PE239870_S4.JPG,4.99,Children's IKEA,60137571
http://www.ikea.com/us/en/catalog/products/80141398/,FABLER BJÖRN,"Soft toy, beige",http://www.ikea.com/us/en/images/products/fabler-bjorn-soft-toy-beige__0130196_PE284460_S4.JPG,1.99,Children's IKEA,80141398
http://www.ikea.com/us/en/catalog/products/60321098/,FABRIKÖR,"Glass-door cabinet, red-brown brown",http://www.ikea.com/us/en/images/products/fabrikor-glass-door-cabinet-brown__0383551_PE559451_S4.JPG,199.00,Dining,60321098
http://www.ikea.com/us/en/catalog/products/00186951/,FABULÖS,"Glass, lilac",http://www.ikea.com/us/en/images/products/fabulos-glass-lilac__0120609_PE277269_S4.JPG,2.99,Eating,00186951
http://www.ikea.com/us/en/catalog/products/10186955/,FABULÖS,"Glass, turquoise",http://www.ikea.com/us/en/images/products/fabulos-glass-turquoise__0120610_PE277270_S4.JPG,2.99,Eating,10186955
http://www.ikea.com/us/en/catalog/products/40186954/,FABULÖS,"Glass, green",http://www.ikea.com/us/en/images/products/fabulos-glass-green__0120608_PE277268_S4.JPG,2.99,Eating,40186954
http://www.ikea.com/us/en/catalog/products/70096377/,FADO,"Table lamp, white",http://www.ikea.com/us/en/images/products/fado-table-lamp-white__38182_PE130088_S4.JPG,19.99,Living room,70096377
http://www.ikea.com/us/en/catalog/products/90316057/,FADO,"Table lamp, turquoise",http://www.ikea.com/us/en/images/products/fado-table-lamp-turquoise__0275802_PE413949_S4.JPG,19.99,Living room,90316057
http://www.ikea.com/us/en/catalog/products/00226768/,FÅGLAVIK,"Handle, brass color",http://www.ikea.com/us/en/images/products/faglavik-handle-yellow__0208433_PE362302_S4.JPG,7.99,Living room,00226768
http://www.ikea.com/us/en/catalog/products/40226771/,FÅGLAVIK,"Knob, brass color",http://www.ikea.com/us/en/images/products/faglavik-knob-yellow__0208434_PE362299_S4.JPG,4.99,Living room,40226771
http://www.ikea.com/us/en/catalog/products/00226773/,FÅGLEBODA,"Handle, brass color",http://www.ikea.com/us/en/images/products/fagleboda-handle-yellow__0156690_PE314787_S4.JPG,7.99,Living room,00226773
http://www.ikea.com/us/en/catalog/products/70322115/,FAKSE,"Rug, high pile, off-white",http://www.ikea.com/us/en/images/products/fakse-rug-high-pile-white__0429412_PE584003_S4.JPG,149.00,Living room,70322115
http://www.ikea.com/us/en/catalog/products/30288934/,FALKHÖJDEN,"Add-on unit for desk, white",http://www.ikea.com/us/en/images/products/falkhojden-add-on-unit-for-desk-white__0324148_PE517026_S4.JPG,30.00,Office furniture,30288934
http://www.ikea.com/us/en/catalog/products/00288935/,FALKHÖJDEN,"Desk, white",http://www.ikea.com/us/en/images/products/falkhojden-desk-white__0324137_PE517032_S4.JPG,79.99,Office furniture,00288935
http://www.ikea.com/us/en/catalog/products/S39128917/,FALKHÖJDEN,"Desk with add-on unit, white",http://www.ikea.com/us/en/images/products/falkhojden-desk-with-add-on-unit-white__0382707_PE557448_S4.JPG,109.99,Office furniture,39128917
http://www.ikea.com/us/en/catalog/products/S49129474/,FALSTER / INNAMO,"Table and 4 armchairs, outdoor, gray, white",http://www.ikea.com/us/en/images/products/falster-innamo-table-and-armchairs-outdoor-gray__0384946_PE559780_S4.JPG,315.00,Outdoor,49129474
http://www.ikea.com/us/en/catalog/products/10036433/,FAMNIG HJÄRTA,"Cushion, red",http://www.ikea.com/us/en/images/products/famnig-hjarta-cushion-red__22946_PE033927_S4.JPG,4.99,Children's IKEA,10036433
http://www.ikea.com/us/en/catalog/products/90128607/,FANTASTISK,"Paper napkin, red",http://www.ikea.com/us/en/images/products/fantastisk-paper-napkin-red__0085748_PE213572_S4.JPG,1.49,Eating,90128607
http://www.ikea.com/us/en/catalog/products/30128605/,FANTASTISK,"Paper napkin, yellow",http://www.ikea.com/us/en/images/products/fantastisk-paper-napkin-yellow__0085757_PE213580_S4.JPG,1.99,Eating,30128605
http://www.ikea.com/us/en/catalog/products/00236263/,FANTASTISK,"Paper napkin, orange",http://www.ikea.com/us/en/images/products/fantastisk-paper-napkin-orange__0270475_PE420011_S4.JPG,1.99,Eating,00236263
http://www.ikea.com/us/en/catalog/products/20236262/,FANTASTISK,"Paper napkin, turquoise",http://www.ikea.com/us/en/images/products/fantastisk-paper-napkin-turquoise__0270477_PE420010_S4.JPG,1.99,Eating,20236262
http://www.ikea.com/us/en/catalog/products/60133323/,FANTASTISK,"Paper napkin, purple",http://www.ikea.com/us/en/images/products/fantastisk-paper-napkin-blue__0085755_PE213578_S4.JPG,1.99,Eating,60133323
http://www.ikea.com/us/en/catalog/products/00149831/,FANTASTISK,"Paper napkin, medium green",http://www.ikea.com/us/en/images/products/fantastisk-paper-napkin-green__0095879_PE235088_S4.JPG,1.99,Eating,00149831
http://www.ikea.com/us/en/catalog/products/40209922/,FANTASTISK,"Paper napkin, brown",http://www.ikea.com/us/en/images/products/fantastisk-paper-napkin-brown__0146590_PE305597_S4.JPG,1.99,Eating,40209922
http://www.ikea.com/us/en/catalog/products/10101273/,FANTASTISK,"Paper napkin, white",http://www.ikea.com/us/en/images/products/fantastisk-paper-napkin-white__60976_PE167037_S4.JPG,1.49,Eating,10101273
http://www.ikea.com/us/en/catalog/products/80100406/,FANTAST,"Meat thermometer/timer, digital black",http://www.ikea.com/us/en/images/products/fantast-meat-thermometer-timer-black__59837_PE165774_S4.JPG,6.99,Cooking,80100406
http://www.ikea.com/us/en/catalog/products/30294497/,FÅRDRUP,"Faux sheepskin, gray",http://www.ikea.com/us/en/images/products/fardrup-faux-sheepskin-gray__0310017_PE429048_S4.JPG,12.99,Living room,30294497
http://www.ikea.com/us/en/catalog/products/00101056/,FÄRGGLAD,"Children's chair, multicolor",http://www.ikea.com/us/en/images/products/fargglad-children-s-chair-assorted-colors__66011_PE177930_S4.JPG,14.99,Children's IKEA,00101056
http://www.ikea.com/us/en/catalog/products/00290617/,FÄRGGRANN,"Notebook, green",http://www.ikea.com/us/en/images/products/farggrann-notebook-green__0276559_PE415252_S4.JPG,0.99,Decoration,00290617
http://www.ikea.com/us/en/catalog/products/20290616/,FÄRGGRANN,"Notebook, pink",http://www.ikea.com/us/en/images/products/farggrann-notebook-pink__0276560_PE417247_S4.JPG,0.99,Decoration,20290616
http://www.ikea.com/us/en/catalog/products/40290620/,FÄRGGRANN,"Notebook, green",http://www.ikea.com/us/en/images/products/farggrann-notebook-green__0276563_PE415255_S4.JPG,1.99,Decoration,40290620
http://www.ikea.com/us/en/catalog/products/60290619/,FÄRGGRANN,"Notebook, pink",http://www.ikea.com/us/en/images/products/farggrann-notebook-pink__0276564_PE415253_S4.JPG,1.99,Decoration,60290619
http://www.ikea.com/us/en/catalog/products/90227631/,FÄRGLAV,"Bath sheet, white, dark gray",http://www.ikea.com/us/en/images/products/farglav-bath-sheet-white__0150284_PE308421_S4.JPG,14.99,Bathroom,90227631
http://www.ikea.com/us/en/catalog/products/70227627/,FÄRGLAV,"Bath towel, white, dark gray",http://www.ikea.com/us/en/images/products/farglav-bath-towel-white__0150284_PE308421_S4.JPG,9.99,Bathroom,70227627
http://www.ikea.com/us/en/catalog/products/40229901/,FÄRGLAV,"Duvet cover and pillowcase(s), gray/white",http://www.ikea.com/us/en/images/products/farglav-duvet-cover-and-pillowcase-s-assorted-colors__0409486_PE569783_S4.JPG,49.99,Bedroom,40229901
http://www.ikea.com/us/en/catalog/products/10227630/,FÄRGLAV,"Hand towel, white, dark gray",http://www.ikea.com/us/en/images/products/farglav-hand-towel-white__0150283_PE308420_S4.JPG,5.99,Bathroom,10227630
http://www.ikea.com/us/en/catalog/products/50232856/,FÄRGLAV,"Shower curtain, white, black",http://www.ikea.com/us/en/images/products/farglav-shower-curtain-black__0307523_PE427660_S4.JPG,14.99,Bathroom,50232856
http://www.ikea.com/us/en/catalog/products/50227633/,FÄRGLAV,"Washcloth, white, dark gray",http://www.ikea.com/us/en/images/products/farglav-washcloth-white__0150285_PE308422_S4.JPG,3.99,Bathroom,50227633
http://www.ikea.com/us/en/catalog/products/80239875/,FARLIG,"Pitcher with lid, clear glass",http://www.ikea.com/us/en/images/products/farlig-pitcher-with-lid__0378170_PE556385_S4.JPG,4.99,Eating,80239875
http://www.ikea.com/us/en/catalog/products/10313618/,FAVORIT,"Coffee cup and saucer, blue, pink",http://www.ikea.com/us/en/images/products/favorit-coffee-cup-and-saucer-pink__0381662_PE556408_S4.JPG,17.99,Eating,10313618
http://www.ikea.com/us/en/catalog/products/70313620/,FAVORIT,"Tray, green diamond pattern",http://www.ikea.com/us/en/images/products/favorit-tray-green__0406012_PE569347_S4.JPG,16.99,Eating,70313620
http://www.ikea.com/us/en/catalog/products/10326338/,FÄVREN,Shower basket,http://www.ikea.com/us/en/images/products/favren-shower-basket__0418049_PE573025_S4.JPG,5.99,Bathroom,10326338
http://www.ikea.com/us/en/catalog/products/10255307/,FEJAN,"Chair, outdoor, white foldable white",http://www.ikea.com/us/en/images/products/fejan-chair-outdoor-white__0170381_PE324405_S4.JPG,10.00,Outdoor,10255307
http://www.ikea.com/us/en/catalog/products/90055093/,FEJKA,"Artificial potted plant, House bamboo",http://www.ikea.com/us/en/images/products/fejka-artificial-potted-plant__0136211_PE293491_S4.JPG,3.99,Decoration,90055093
http://www.ikea.com/us/en/catalog/products/00234179/,FEJKA,"Artificial potted plant, Ivy",http://www.ikea.com/us/en/images/products/fejka-artificial-potted-plant__0170393_PE324413_S4.JPG,8.99,Decoration,00234179
http://www.ikea.com/us/en/catalog/products/30234007/,FEJKA,"Artificial potted plant, Weeping fig assorted species plants",http://www.ikea.com/us/en/images/products/fejka-artificial-potted-plant__0170404_PE324420_S4.JPG,59.99,Decoration,30234007
http://www.ikea.com/us/en/catalog/products/30234173/,FEJKA,"Artificial potted plant, Rose assorted species plants",http://www.ikea.com/us/en/images/products/fejka-artificial-potted-plant__0170400_PE324417_S4.JPG,9.99,Decoration,30234173
http://www.ikea.com/us/en/catalog/products/00251475/,FEJKA,"Artificial potted plant, bamboo",http://www.ikea.com/us/en/images/products/fejka-artificial-potted-plant__0175131_PE328558_S4.JPG,24.99,Decoration,00251475
http://www.ikea.com/us/en/catalog/products/20234116/,FEJKA,"Artificial potted plant, Geranium assorted colors",http://www.ikea.com/us/en/images/products/fejka-artificial-potted-plant-assorted-colors__0175130_PE328557_S4.JPG,12.99,Decoration,20234116
http://www.ikea.com/us/en/catalog/products/90251471/,FEJKA,"Artificial potted plant, Rose assorted colors",http://www.ikea.com/us/en/images/products/fejka-artificial-potted-plant-assorted-colors__0175132_PE328552_S4.JPG,3.99,Decoration,90251471
http://www.ikea.com/us/en/catalog/products/00285908/,FEJKA,"Artificial potted plant, Orchid white",http://www.ikea.com/us/en/images/products/fejka-artificial-potted-plant-white__0368006_PE549555_S4.JPG,7.99,Decoration,00285908
http://www.ikea.com/us/en/catalog/products/10292300/,FEJKA,"Artificial potted plant, Orchid lilac",http://www.ikea.com/us/en/images/products/fejka-artificial-potted-plant-lilac__0368002_PE549553_S4.JPG,7.99,Decoration,10292300
http://www.ikea.com/us/en/catalog/products/50292303/,FEJKA,"Artificial potted plant, Orchid dark lilac",http://www.ikea.com/us/en/images/products/fejka-artificial-potted-plant-lilac__0367989_PE549550_S4.JPG,12.99,Decoration,50292303
http://www.ikea.com/us/en/catalog/products/70292298/,FEJKA,"Artificial potted plant, Orchid pink",http://www.ikea.com/us/en/images/products/fejka-artificial-potted-plant-pink__0368004_PE549554_S4.JPG,7.99,Decoration,70292298
http://www.ikea.com/us/en/catalog/products/80285909/,FEJKA,"Artificial potted plant, Orchid white",http://www.ikea.com/us/en/images/products/fejka-artificial-potted-plant-white__0368000_PE549552_S4.JPG,12.99,Decoration,80285909
http://www.ikea.com/us/en/catalog/products/90292301/,FEJKA,"Artificial potted plant, Orchid pink",http://www.ikea.com/us/en/images/products/fejka-artificial-potted-plant-pink__0367998_PE549551_S4.JPG,12.99,Decoration,90292301
http://www.ikea.com/us/en/catalog/products/00140326/,FEJKA,"Artificial potted plant, herbs, assorted species plants",http://www.ikea.com/us/en/images/products/fejka-artificial-potted-plant__0136212_PE293492_S4.JPG,5.99,Decoration,00140326
http://www.ikea.com/us/en/catalog/products/50176978/,FEJKA,"Artificial potted plant, grass",http://www.ikea.com/us/en/images/products/fejka-artificial-potted-plant__0112599_PE264438_S4.JPG,9.99,Decoration,50176978
http://www.ikea.com/us/en/catalog/products/30176979/,FEJKA,"Artificial potted plant, Corkscrew Rush",http://www.ikea.com/us/en/images/products/fejka-artificial-potted-plant__0114572_PE267091_S4.JPG,5.99,Decoration,30176979
http://www.ikea.com/us/en/catalog/products/10186658/,FEJKA,"Artificial potted plant, bamboo",http://www.ikea.com/us/en/images/products/fejka-artificial-potted-plant__0117245_PE272208_S4.JPG,49.99,Decoration,10186658
http://www.ikea.com/us/en/catalog/products/70186660/,FEJKA,"Artificial potted plant, grass",http://www.ikea.com/us/en/images/products/fejka-artificial-potted-plant__0117267_PE272240_S4.JPG,34.99,Decoration,70186660
http://www.ikea.com/us/en/catalog/products/90207685/,FEJKA,"Artificial potted plant, grass",http://www.ikea.com/us/en/images/products/fejka-artificial-potted-plant__0130933_PE285358_S4.JPG,4.99,Decoration,90207685
http://www.ikea.com/us/en/catalog/products/70234147/,FEJKA,"Artificial potted plant, Common daisy assorted colors",http://www.ikea.com/us/en/images/products/fejka-artificial-potted-plant-assorted-colors__0117247_PE272210_S4.JPG,7.99,Decoration,70234147
http://www.ikea.com/us/en/catalog/products/30285879/,FEJKA,"Artificial potted plant, Bromeliad white",http://www.ikea.com/us/en/images/products/fejka-artificial-potted-plant-white__0397069_PE562891_S4.JPG,3.99,Decoration,30285879
http://www.ikea.com/us/en/catalog/products/50285878/,FEJKA,"Artificial potted plant, indoor/outdoor, Dragon tree",http://www.ikea.com/us/en/images/products/fejka-artificial-potted-plant__0397065_PE562887_S4.JPG,39.99,Decoration,50285878
http://www.ikea.com/us/en/catalog/products/00313082/,FEJKA,"Artificial potted plant, pepper",http://www.ikea.com/us/en/images/products/fejka-artificial-potted-plant__0397062_PE562893_S4.JPG,9.99,Decoration,00313082
http://www.ikea.com/us/en/catalog/products/00310371/,FEJKA,"Artificial potted plant, Bromeliad pink",http://www.ikea.com/us/en/images/products/fejka-artificial-potted-plant-pink__0397068_PE562890_S4.JPG,3.99,Decoration,00310371
http://www.ikea.com/us/en/catalog/products/50285883/,FEJKA,"Artificial potted plant, allium white",http://www.ikea.com/us/en/images/products/fejka-artificial-potted-plant-white__0397074_PE562886_S4.JPG,7.99,Decoration,50285883
http://www.ikea.com/us/en/catalog/products/10285880/,FEJKA,"Artificial potted plant, allium blue",http://www.ikea.com/us/en/images/products/fejka-artificial-potted-plant-blue__0397073_PE562885_S4.JPG,7.99,Decoration,10285880
http://www.ikea.com/us/en/catalog/products/60313084/,FEJKA,"Artificial potted plant, China doll",http://www.ikea.com/us/en/images/products/fejka-artificial-potted-plant__0397066_PE562888_S4.JPG,49.99,Decoration,60313084
http://www.ikea.com/us/en/catalog/products/70285882/,FEJKA,"Artificial potted plant, indoor/outdoor, Umbrella grass",http://www.ikea.com/us/en/images/products/fejka-artificial-potted-plant__0397063_PE562892_S4.JPG,29.99,Decoration,70285882
http://www.ikea.com/us/en/catalog/products/80310372/,FEJKA,"Artificial potted plant, Bromeliad orange",http://www.ikea.com/us/en/images/products/fejka-artificial-potted-plant-orange__0397067_PE562889_S4.JPG,3.99,Decoration,80310372
http://www.ikea.com/us/en/catalog/products/80310367/,FEJKA,"Artificial potted plant, lavender blue",http://www.ikea.com/us/en/images/products/fejka-artificial-potted-plant-blue__0397071_PE562883_S4.JPG,5.99,Decoration,80310367
http://www.ikea.com/us/en/catalog/products/90285881/,FEJKA,"Artificial potted plant, lavender white",http://www.ikea.com/us/en/images/products/fejka-artificial-potted-plant-white__0397072_PE562884_S4.JPG,5.99,Decoration,90285881
http://www.ikea.com/us/en/catalog/products/80313083/,FEJKA,"Artificial potted plant, fern",http://www.ikea.com/us/en/images/products/fejka-artificial-potted-plant__0397070_PE562882_S4.JPG,9.99,Decoration,80313083
http://www.ikea.com/us/en/catalog/products/40207683/,FEJKA,"Artificial potted plant with pot, grass",http://www.ikea.com/us/en/images/products/fejka-artificial-potted-plant-with-pot__0134803_PE291515_S4.JPG,19.99,Decoration,40207683
http://www.ikea.com/us/en/catalog/products/30312731/,FEJS,"Wall clock, steel black",http://www.ikea.com/us/en/images/products/fejs-wall-clock-black__0398669_PE563596_S4.JPG,7.99,Decoration,30312731
http://www.ikea.com/us/en/catalog/products/40128855/,FENOMEN,"Unscented block candle, set of 5, natural",http://www.ikea.com/us/en/images/products/fenomen-unscented-block-candle-set-of-beige__0115217_PE268455_S4.JPG,9.99,Decoration,40128855
http://www.ikea.com/us/en/catalog/products/30126055/,FENOMEN,"Unscented block candle, natural",http://www.ikea.com/us/en/images/products/fenomen-unscented-block-candle-beige__74464_PE191586_S4.JPG,9.99,Decoration,30126055
http://www.ikea.com/us/en/catalog/products/00103282/,FENOMEN,"Unscented block candle, natural",http://www.ikea.com/us/en/images/products/fenomen-unscented-block-candle-beige__29146_PE081942_S4.JPG,1.99,Decoration,00103282
http://www.ikea.com/us/en/catalog/products/30262528/,FEODOR,"Swivel chair with armrests, black",http://www.ikea.com/us/en/images/products/feodor-swivel-chair-with-armrests-black__0271830_PE413620_S4.JPG,139.00,Office furniture,30262528
http://www.ikea.com/us/en/catalog/products/10235885/,FESTLIGHET,Margarita glass,http://www.ikea.com/us/en/images/products/festlighet-margarita-glass__0244183_PE383392_S4.JPG,2.49,Eating,10235885
http://www.ikea.com/us/en/catalog/products/70284651/,FESTMÅLTID,"Lunch box, green",http://www.ikea.com/us/en/images/products/festmaltid-lunch-box-green__0314937_PE513640_S4.JPG,4.99,Small storage,70284651
http://www.ikea.com/us/en/catalog/products/90284650/,FESTMÅLTID,"Lunch box, green",http://www.ikea.com/us/en/images/products/festmaltid-lunch-box-green__0314922_PE513644_S4.JPG,3.99,Small storage,90284650
http://www.ikea.com/us/en/catalog/products/00234546/,FICUS MICROCARPA GINSENG,"Plant with pot, bonsai, assorted colors",http://www.ikea.com/us/en/images/products/ficus-microcarpa-ginseng-plant-with-pot-assorted-colors__0213703_PE369262_S4.JPG,29.99,Outdoor,00234546
http://www.ikea.com/us/en/catalog/products/60234548/,FICUS MICROCARPA GINSENG,"Plant with pot, bonsai, assorted colors",http://www.ikea.com/us/en/images/products/ficus-microcarpa-ginseng-plant-with-pot-assorted-colors__0213705_PE369263_S4.JPG,14.99,Outdoor,60234548
http://www.ikea.com/us/en/catalog/products/40298895/,FILBUNKE,Kitchen utensils,http://www.ikea.com/us/en/images/products/filbunke-kitchen-utensils__0350490_PE535785_S4.JPG,1.08,Cooking,40298895
http://www.ikea.com/us/en/catalog/products/40155009/,FILLSTA,"Pendant lamp, white",http://www.ikea.com/us/en/images/products/fillsta-pendant-lamp-white__0096246_PE235793_S4.JPG,29.99,Living room,40155009
http://www.ikea.com/us/en/catalog/products/50155018/,FILLSTA,"Table lamp, white",http://www.ikea.com/us/en/images/products/fillsta-table-lamp-white__0096250_PE235797_S4.JPG,12.99,Living room,50155018
http://www.ikea.com/us/en/catalog/products/20193899/,FILUR,"Bin with lid, white",http://www.ikea.com/us/en/images/products/filur-bin-with-lid-white__0118384_PE274002_S4.JPG,12.99,Secondary storage,20193899
http://www.ikea.com/us/en/catalog/products/70253490/,FINFIN,"LED decorative light chain,15 balls",http://www.ikea.com/us/en/images/products/finfin-led-decorative-light-chain-balls__0179303_PE331730_S4.JPG,19.99,Children's IKEA,70253490
http://www.ikea.com/us/en/catalog/products/10196596/,FINGAL,"Swivel chair, black Bomstad black",http://www.ikea.com/us/en/images/products/fingal-swivel-chair-black__0118797_PE274855_S4.JPG,39.99,Office furniture,10196596
http://www.ikea.com/us/en/catalog/products/00322524/,FINNBY,"Bookcase, light turquoise",http://www.ikea.com/us/en/images/products/finnby-bookcase-turquoise__0392623_PE564158_S4.JPG,29.99,Living room,00322524
http://www.ikea.com/us/en/catalog/products/60285632/,FINNERYD,"Picture, set of 2, take a break",http://www.ikea.com/us/en/images/products/finneryd-picture-set-of-__0385405_PE557821_S4.JPG,3.99,Decoration,60285632
http://www.ikea.com/us/en/catalog/products/60201680/,FINNTORP,"Chair, white",http://www.ikea.com/us/en/images/products/finntorp-chair-white__0117721_PE272917_S4.JPG,79.99,Living room,60201680
http://www.ikea.com/us/en/catalog/products/90238984/,FINURLIG,"Fabric swatch, assorted patterns",http://www.ikea.com/us/en/images/products/finurlig-fabric-swatch__0191120_PE344785_S4.JPG,4.99,Living room,90238984
http://www.ikea.com/us/en/catalog/products/00305770/,FIRANDE,"Bowl, clear glass, black",http://www.ikea.com/us/en/images/products/firande-bowl-black__0364651_PE548848_S4.JPG,29.99,Decoration,00305770
http://www.ikea.com/us/en/catalog/products/90258547/,FIRANDE,"Vase, clear glass, black",http://www.ikea.com/us/en/images/products/firande-vase-black__0346788_PE533958_S4.JPG,29.99,Decoration,90258547
http://www.ikea.com/us/en/catalog/products/10096752/,FISKÖ,"Umbrella base, white",http://www.ikea.com/us/en/images/products/fisko-umbrella-base-white__53167_PE155379_S4.JPG,15.00,Outdoor,10096752
http://www.ikea.com/us/en/catalog/products/28512100/,FIXA,2-piece tool set,http://www.ikea.com/us/en/images/products/fixa-piece-tool-set__51798_PE151909_S4.JPG,12.99,Kitchen & appliances,28512100
http://www.ikea.com/us/en/catalog/products/70274628/,FIXA,"Countertop support fixture, galvanized",http://www.ikea.com/us/en/images/products/fixa-countertop-support-fixture__0313630_PE516164_S4.JPG,2.99,Kitchen & appliances,70274628
http://www.ikea.com/us/en/catalog/products/04375085/,FIXA,"Diffusion barrier, chrome plated",http://www.ikea.com/us/en/images/products/fixa-diffusion-barrier__21883_PE106857_S4.JPG,6.99,Kitchen & appliances,04375085
http://www.ikea.com/us/en/catalog/products/70290082/,FIXA,Paint brush set,http://www.ikea.com/us/en/images/products/fixa-paint-brush-set__0278188_PE417678_S4.JPG,1.99,Secondary storage,70290082
http://www.ikea.com/us/en/catalog/products/20306575/,FJÄDERMOLN,"Cushion, light blue",http://www.ikea.com/us/en/images/products/fjadermoln-cushion-blue__0240219_PE379831_S4.JPG,6.99,Children's IKEA,20306575
http://www.ikea.com/us/en/catalog/products/60230890/,FJÄDRAR,"Inner cushion, off-white",http://www.ikea.com/us/en/images/products/fjadrar-inner-cushion-white__0243139_PE382469_S4.JPG,6.99,Living room,60230890
http://www.ikea.com/us/en/catalog/products/60262188/,FJÄDRAR,"Inner cushion, off-white",http://www.ikea.com/us/en/images/products/fjadrar-inner-cushion-white__0243140_PE382470_S4.JPG,5.99,Living room,60262188
http://www.ikea.com/us/en/catalog/products/60267124/,FJÄDRAR,"Inner cushion, white",http://www.ikea.com/us/en/images/products/fjadrar-inner-cushion-white__0243141_PE382468_S4.JPG,9.99,Living room,60267124
http://www.ikea.com/us/en/catalog/products/10221685/,FJÄLKINGE,"Chest of drawers with 2 drawers, white",http://www.ikea.com/us/en/images/products/fjalkinge-chest-of-drawers-with-drawers-white__0194024_PE359394_S4.JPG,70.00,Living room,10221685
http://www.ikea.com/us/en/catalog/products/10221690/,FJÄLKINGE,"Chest of drawers with 2 drawers, white",http://www.ikea.com/us/en/images/products/fjalkinge-chest-of-drawers-with-drawers-white__0194027_PE359395_S4.JPG,50.00,Living room,10221690
http://www.ikea.com/us/en/catalog/products/00221681/,FJÄLKINGE,"Extra shelf, white",http://www.ikea.com/us/en/images/products/fjalkinge-extra-shelf-white__0194031_PE359397_S4.JPG,10.00,Living room,00221681
http://www.ikea.com/us/en/catalog/products/60221678/,FJÄLKINGE,"Extra shelf, white",http://www.ikea.com/us/en/images/products/fjalkinge-extra-shelf-white__0194029_PE359399_S4.JPG,20.00,Living room,60221678
http://www.ikea.com/us/en/catalog/products/50221688/,FJÄLKINGE,"Shelf unit, white",http://www.ikea.com/us/en/images/products/fjalkinge-shelf-unit-white__0194035_PE359396_S4.JPG,100.00,Living room,50221688
http://www.ikea.com/us/en/catalog/products/60221683/,FJÄLKINGE,"Shelf unit, white",http://www.ikea.com/us/en/images/products/fjalkinge-shelf-unit-white__0194033_PE359398_S4.JPG,130.00,Living room,60221683
http://www.ikea.com/us/en/catalog/products/S79932536/,FJÄLKINGE,"Shelving unit, white",http://www.ikea.com/us/en/images/products/fjalkinge-shelving-unit-white__0194037_PE350238_S4.JPG,230.00,Living room,79932536
http://www.ikea.com/us/en/catalog/products/S19931865/,FJÄLKINGE,"Shelving unit with drawers, white",http://www.ikea.com/us/en/images/products/fjalkinge-shelving-unit-with-drawers-white__0194040_PE350240_S4.JPG,200.00,Living room,19931865
http://www.ikea.com/us/en/catalog/products/20250719/,FJÄLLBERGET,"Conference chair, birch veneer, gray Ullevi gray medium gray",http://www.ikea.com/us/en/images/products/fjallberget-conference-chair-gray__0188185_PE341135_S4.JPG,199.00,Office furniture,20250719
http://www.ikea.com/us/en/catalog/products/S69910101/,FJELL,"Bed frame with storage, black",http://www.ikea.com/us/en/images/products/fjell-bed-frame-with-storage-black__0159239_PE315677_S4.JPG,499.00,Bedroom,69910101
http://www.ikea.com/us/en/catalog/products/S19009821/,FJELLSE,"Bed frame, pine, Luröy",http://www.ikea.com/us/en/images/products/fjellse-bed-frame__0186605_PE338790_S4.JPG,89.99,Bedroom,19009821
http://www.ikea.com/us/en/catalog/products/S59009824/,FJELLSE,"Bed frame, pine, Luröy",http://www.ikea.com/us/en/images/products/fjellse-bed-frame__0107489_PE257171_S4.JPG,69.99,Bedroom,59009824
http://www.ikea.com/us/en/catalog/products/20180566/,FJELLSE,"Bed frame, pine",http://www.ikea.com/us/en/images/products/fjellse-bed-frame__0107489_PE257171_S4.JPG,39.99,Bedroom,20180566
http://www.ikea.com/us/en/catalog/products/S39031915/,FLAXA,"Bed frame w/storage+slatted bedbase, white",http://www.ikea.com/us/en/images/products/flaxa-bed-frame-w-storage-slatted-bedbase-white__0106427_PE254547_S4.JPG,179.00,Children's IKEA,39031915
http://www.ikea.com/us/en/catalog/products/S79031466/,FLAXA,"Bed frm w/headboard+slatted bedbase, white",http://www.ikea.com/us/en/images/products/flaxa-bed-frm-w-headboard-slatted-bedbase-white__79387_PE203254_S4.JPG,179.00,Bedroom,79031466
http://www.ikea.com/us/en/catalog/products/30247967/,FLAXA,"Headboard with storage compartment, white, green",http://www.ikea.com/us/en/images/products/flaxa-headboard-with-storage-compartment-white__0202633_PE358972_S4.JPG,119.00,Bedroom,30247967
http://www.ikea.com/us/en/catalog/products/50247971/,FLAXA,"Pull-out bed, white",http://www.ikea.com/us/en/images/products/flaxa-pull-out-bed-white__0087673_PE217185_S4.JPG,99.99,Bedroom,50247971
http://www.ikea.com/us/en/catalog/products/50248287/,FLEST,"Tealight holder, clear glass",http://www.ikea.com/us/en/images/products/flest-tealight-holder__0204856_PE359895_S4.JPG,0.99,Decoration,50248287
http://www.ikea.com/us/en/catalog/products/60298917/,FLICKÖGA,"Duvet cover and pillowcase(s), white, multicolor",http://www.ikea.com/us/en/images/products/flickoga-duvet-cover-and-pillowcase-s-assorted-colors__0409460_PE569757_S4.JPG,29.99,Bedroom,60298917
http://www.ikea.com/us/en/catalog/products/S39122454/,FLINTAN / NOMINELL,"Swivel chair with armrests, dark pink",http://www.ikea.com/us/en/images/products/flintan-nominell-swivel-chair-with-armrests-pink__0366714_PE549131_S4.JPG,89.99,Office furniture,39122454
http://www.ikea.com/us/en/catalog/products/40309728/,FLINTAN,"Swivel chair, Havhult dark pink",http://www.ikea.com/us/en/images/products/flintan-swivel-chair-pink__0369436_PE551377_S4.JPG,69.99,Office furniture,40309728
http://www.ikea.com/us/en/catalog/products/60260250/,FLISÖ,"Umbrella, black",http://www.ikea.com/us/en/images/products/fliso-umbrella-black__0239594_PE379173_S4.JPG,19.99,Outdoor,60260250
http://www.ikea.com/us/en/catalog/products/30308630/,FLÖNG,"Curtains, 1 pair, gray",http://www.ikea.com/us/en/images/products/flong-curtains-pair-gray__0354188_PE539176_S4.JPG,14.99,Living room,30308630
http://www.ikea.com/us/en/catalog/products/00305379/,FLÖNG,"Rug, low pile, white, dark blue",http://www.ikea.com/us/en/images/products/flong-rug-low-pile-blue__0371517_PE555207_S4.JPG,9.99,Living room,00305379
http://www.ikea.com/us/en/catalog/products/70309345/,FLÖNG,"Rug, low pile, white, green",http://www.ikea.com/us/en/images/products/flong-rug-low-pile-white__0371518_PE555206_S4.JPG,9.99,Living room,70309345
http://www.ikea.com/us/en/catalog/products/40312330/,FLÖNG,"Rug, low pile",http://www.ikea.com/us/en/images/products/flong-rug-low-pile-gray__0371521_PE555204_S4.JPG,9.99,Living room,40312330
http://www.ikea.com/us/en/catalog/products/00303912/,FLÖRT,"Remote control pocket, black",http://www.ikea.com/us/en/images/products/flort-remote-control-pocket-black__0098922_PE240296_S4.JPG,4.99,Office furniture,00303912
http://www.ikea.com/us/en/catalog/products/20294860/,FLOTTIG,"Lunch box, black, white",http://www.ikea.com/us/en/images/products/flottig-lunch-box-black__0406130_PE569316_S4.JPG,5.99,Small storage,20294860
http://www.ikea.com/us/en/catalog/products/40176950/,FLUNDRA,"Dish drainer, white",http://www.ikea.com/us/en/images/products/flundra-dish-drainer-white__0114948_PE267935_S4.JPG,2.99,Cooking,40176950
http://www.ikea.com/us/en/catalog/products/00324132/,FLUNS,"Magazine file, white",http://www.ikea.com/us/en/images/products/fluns-magazine-file-white__0398648_PE563794_S4.JPG,0.99,Office furniture,00324132
http://www.ikea.com/us/en/catalog/products/80264450/,FLYGNING,"Curtain with tie-back, white",http://www.ikea.com/us/en/images/products/flygning-curtain-with-tie-back-white__0212590_PE366393_S4.JPG,19.99,Children's IKEA,80264450
http://www.ikea.com/us/en/catalog/products/50264319/,FLYGTUR,"Rug, low pile, blue",http://www.ikea.com/us/en/images/products/flygtur-rug-low-pile-blue__0212591_PE366392_S4.JPG,29.99,Children's IKEA,50264319
http://www.ikea.com/us/en/catalog/products/00058487/,FLYTTA,"Kitchen cart, stainless steel",http://www.ikea.com/us/en/images/products/flytta-kitchen-cart__34669_PE124756_S4.JPG,179.00,Kitchen & appliances,00058487
http://www.ikea.com/us/en/catalog/products/60295438/,FNISS,"Trash basket, black",http://www.ikea.com/us/en/images/products/fniss-trash-basket-black__0357463_PE545606_S4.JPG,1.49,Office furniture,60295438
http://www.ikea.com/us/en/catalog/products/00272699/,FÖNSTERVIVA,"Panel curtain, light beige",http://www.ikea.com/us/en/images/products/fonsterviva-panel-curtain-beige__0324079_PE517195_S4.JPG,12.99,Living room,00272699
http://www.ikea.com/us/en/catalog/products/20272698/,FÖNSTERVIVA,"Panel curtain, green",http://www.ikea.com/us/en/images/products/fonsterviva-panel-curtain-green__0324083_PE517182_S4.JPG,12.99,Living room,20272698
http://www.ikea.com/us/en/catalog/products/60272700/,FÖNSTERVIVA,"Panel curtain, dark gray",http://www.ikea.com/us/en/images/products/fonsterviva-panel-curtain-gray__0324087_PE517172_S4.JPG,12.99,Living room,60272700
http://www.ikea.com/us/en/catalog/products/50235888/,FÖREBILD,"Glass, patterned black",http://www.ikea.com/us/en/images/products/forebild-glass-black__0244187_PE383394_S4.JPG,0.99,Eating,50235888
http://www.ikea.com/us/en/catalog/products/60275968/,FÖREDRA,"Unscented votive candle, white",http://www.ikea.com/us/en/images/products/foredra-unscented-votive-candle-white__0270382_PE420544_S4.JPG,4.99,Decoration,60275968
http://www.ikea.com/us/en/catalog/products/90313563/,FÖRENKLA,"Backpack, red",http://www.ikea.com/us/en/images/products/forenkla-backpack-red__0416693_PE579141_S4.JPG,22.99,IKEA FAMILY products,90313563
http://www.ikea.com/us/en/catalog/products/20313566/,FÖRENKLA,"Backpack, black",http://www.ikea.com/us/en/images/products/forenkla-backpack-black__0415863_PE579142_S4.JPG,22.99,IKEA FAMILY products,20313566
http://www.ikea.com/us/en/catalog/products/20313571/,FÖRENKLA,"Backpack, black",http://www.ikea.com/us/en/images/products/forenkla-backpack-black__0416822_PE579140_S4.JPG,37.99,IKEA FAMILY products,20313571
http://www.ikea.com/us/en/catalog/products/30329208/,FÖRENKLA,"Backpack, red",http://www.ikea.com/us/en/images/products/forenkla-backpack-red__0416820_PE575114_S4.JPG,24.99,IKEA FAMILY products,30329208
http://www.ikea.com/us/en/catalog/products/80313568/,FÖRENKLA,"Backpack, black",http://www.ikea.com/us/en/images/products/forenkla-backpack-black__0416695_PE575112_S4.JPG,24.99,IKEA FAMILY products,80313568
http://www.ikea.com/us/en/catalog/products/10313576/,FÖRENKLA,"Shoulder bag, red",http://www.ikea.com/us/en/images/products/forenkla-shoulder-bag-red__0417188_PE579137_S4.JPG,17.99,IKEA FAMILY products,10313576
http://www.ikea.com/us/en/catalog/products/70313578/,FÖRENKLA,"Shoulder bag, black",http://www.ikea.com/us/en/images/products/forenkla-shoulder-bag-black__0416854_PE579139_S4.JPG,24.99,IKEA FAMILY products,70313578
http://www.ikea.com/us/en/catalog/products/70313583/,FÖRENKLA,"Shoulder bag, black",http://www.ikea.com/us/en/images/products/forenkla-shoulder-bag-black__0416856_PE579138_S4.JPG,17.99,IKEA FAMILY products,70313583
http://www.ikea.com/us/en/catalog/products/20329082/,FÖRFINA,"Accessory bag, set of 3, red",http://www.ikea.com/us/en/images/products/forfina-accessory-bag-set-of-red__0417244_PE579143_S4.JPG,6.99,IKEA FAMILY products,20329082
http://www.ikea.com/us/en/catalog/products/40329081/,FÖRFINA,"Accessory bag, set of 3, black",http://www.ikea.com/us/en/images/products/forfina-accessory-bag-set-of-black__0417237_PE579144_S4.JPG,6.99,IKEA FAMILY products,40329081
http://www.ikea.com/us/en/catalog/products/30323051/,FÖRFINA,"Accessory bag, red",http://www.ikea.com/us/en/images/products/forfina-accessory-bag-red__0417226_PE579145_S4.JPG,3.49,IKEA FAMILY products,30323051
http://www.ikea.com/us/en/catalog/products/50323050/,FÖRFINA,"Accessory bag, black",http://www.ikea.com/us/en/images/products/forfina-accessory-bag-black__0417224_PE579146_S4.JPG,3.49,IKEA FAMILY products,50323050
http://www.ikea.com/us/en/catalog/products/70323054/,FÖRFINA,"Laptop case, black",http://www.ikea.com/us/en/images/products/forfina-laptop-case-black__0416891_PE579148_S4.JPG,9.99,IKEA FAMILY products,70323054
http://www.ikea.com/us/en/catalog/products/20323056/,FÖRFINA,"Tablet case, black",http://www.ikea.com/us/en/images/products/forfina-tablet-case-black__0416894_PE579147_S4.JPG,6.99,IKEA FAMILY products,20323056
http://www.ikea.com/us/en/catalog/products/60323059/,FÖRFINA,"Toiletry bag, red",http://www.ikea.com/us/en/images/products/forfina-toiletry-bag-red__0416888_PE579149_S4.JPG,6.99,IKEA FAMILY products,60323059
http://www.ikea.com/us/en/catalog/products/80323058/,FÖRFINA,"Toiletry bag, black",http://www.ikea.com/us/en/images/products/forfina-toiletry-bag-black__0416882_PE579150_S4.JPG,6.99,IKEA FAMILY products,80323058
http://www.ikea.com/us/en/catalog/products/30309757/,FORMLIG,"Vase, light gray, white",http://www.ikea.com/us/en/images/products/formlig-vase-white__0367306_PE549508_S4.JPG,9.99,Decoration,30309757
http://www.ikea.com/us/en/catalog/products/50309775/,FORMLIG,"Vase, light pink, white",http://www.ikea.com/us/en/images/products/formlig-vase-white__0369467_PE551157_S4.JPG,9.99,Decoration,50309775
http://www.ikea.com/us/en/catalog/products/90043076/,FÖRNUFT,"20-piece flatware set, stainless steel",http://www.ikea.com/us/en/images/products/fornuft-piece-flatware-set__07524_PE083792_S4.JPG,7.99,Eating,90043076
http://www.ikea.com/us/en/catalog/products/00277499/,FÖRNYBAR,"Freezer bag, blue",http://www.ikea.com/us/en/images/products/fornybar-freezer-bag-blue__0269809_PE407630_S4.JPG,1.49,Small storage,00277499
http://www.ikea.com/us/en/catalog/products/30277501/,FÖRNYBAR,"Freezer bag, green",http://www.ikea.com/us/en/images/products/fornybar-freezer-bag-green__0269811_PE407632_S4.JPG,1.99,Small storage,30277501
http://www.ikea.com/us/en/catalog/products/50277500/,FÖRNYBAR,"Freezer bag, red",http://www.ikea.com/us/en/images/products/fornybar-freezer-bag-red__0269810_PE407631_S4.JPG,1.79,Small storage,50277500
http://www.ikea.com/us/en/catalog/products/00300598/,FÖRRÄTT,"Finials, 1 pair, white",http://www.ikea.com/us/en/images/products/forratt-finials-pair-white__0323894_PE517233_S4.JPG,7.99,Living room,00300598
http://www.ikea.com/us/en/catalog/products/60146764/,FORSÅ,"Work lamp, nickel plated",http://www.ikea.com/us/en/images/products/forsa-work-lamp__0438833_PE591860_S4.JPG,19.99,Office furniture,60146764
http://www.ikea.com/us/en/catalog/products/80146777/,FORSÅ,"Work lamp, black",http://www.ikea.com/us/en/images/products/forsa-work-lamp-black__0438829_PE591859_S4.JPG,19.99,Office furniture,80146777
http://www.ikea.com/us/en/catalog/products/60248418/,FÖRSIKTIG,"Children's stool, white, green",http://www.ikea.com/us/en/images/products/forsiktig-children-s-stool-white__0179379_PE331769_S4.JPG,4.99,Children's IKEA,60248418
http://www.ikea.com/us/en/catalog/products/80300207/,FÖRSIKTIGT,"Wine glass, clear glass",http://www.ikea.com/us/en/images/products/forsiktigt-wine-glass__62079_PE168625_S4.JPG,3.99,Eating,80300207
http://www.ikea.com/us/en/catalog/products/10257542/,FÖRSLUTAS,"Trash bags, gray",http://www.ikea.com/us/en/images/products/forslutas-trash-bags-gray__0269839_PE407646_S4.JPG,2.49,Office furniture,10257542
http://www.ikea.com/us/en/catalog/products/10277494/,FÖRSLUTAS,"Trash bags, gray",http://www.ikea.com/us/en/images/products/forslutas-trash-bags-gray__0269841_PE407649_S4.JPG,3.49,Office furniture,10277494
http://www.ikea.com/us/en/catalog/products/30257541/,FÖRSLUTAS,"Trash bags, gray",http://www.ikea.com/us/en/images/products/forslutas-trash-bags-gray__0269837_PE407644_S4.JPG,2.49,Office furniture,30257541
http://www.ikea.com/us/en/catalog/products/40257545/,FÖRSLUTAS,"Trash bags, gray",http://www.ikea.com/us/en/images/products/forslutas-trash-bags-gray__0269840_PE407647_S4.JPG,3.49,Office furniture,40257545
http://www.ikea.com/us/en/catalog/products/80277495/,FÖRSLUTAS,"Trash bags, green",http://www.ikea.com/us/en/images/products/forslutas-trash-bags-green__0269838_PE407645_S4.JPG,3.99,Cooking,80277495
http://www.ikea.com/us/en/catalog/products/70287683/,FÖRSLUTAS,"Trash bags, gray",http://www.ikea.com/us/en/images/products/forslutas-trash-bags-gray__0269842_PE407648_S4.JPG,3.99,Office furniture,70287683
http://www.ikea.com/us/en/catalog/products/60214282/,FÖRTJUST,"Tealight holder, clear glass",http://www.ikea.com/us/en/images/products/fortjust-tealight-holder__0138279_PE297437_S4.JPG,1.99,Decoration,60214282
http://www.ikea.com/us/en/catalog/products/60236236/,FÖRVÄNTAD,"Paper napkin, flower",http://www.ikea.com/us/en/images/products/forvantad-paper-napkin__0237280_PE376638_S4.JPG,1.99,Eating,60236236
http://www.ikea.com/us/en/catalog/products/40262066/,FÖRVARA,"Drawer, low, white",http://www.ikea.com/us/en/images/products/forvara-drawer-low-white__0267878_PE405618_S4.JPG,36.00,Kitchen & appliances,40262066
http://www.ikea.com/us/en/catalog/products/90262040/,FÖRVARA,"Drawer, medium, white",http://www.ikea.com/us/en/images/products/forvara-drawer-medium-white__0267900_PE405607_S4.JPG,42.00,Kitchen & appliances,90262040
http://www.ikea.com/us/en/catalog/products/00030262/,FÖRVAR,"Jar with lid, glass, aluminum color",http://www.ikea.com/us/en/images/products/forvar-jar-with-lid-gray__25714_PE096408_S4.JPG,3.99,Small storage,00030262
http://www.ikea.com/us/en/catalog/products/00128188/,FOTO,"Pendant lamp, aluminum",http://www.ikea.com/us/en/images/products/foto-pendant-lamp__82183_PE207743_S4.JPG,29.99,Living room,00128188
http://www.ikea.com/us/en/catalog/products/90128179/,FOTO,"Pendant lamp, aluminum",http://www.ikea.com/us/en/images/products/foto-pendant-lamp__0090529_PE224548_S4.JPG,14.99,Living room,90128179
http://www.ikea.com/us/en/catalog/products/90128184/,FOTO,"Pendant lamp, aluminum",http://www.ikea.com/us/en/images/products/foto-pendant-lamp__0090530_PE224549_S4.JPG,19.99,Living room,90128184
http://www.ikea.com/us/en/catalog/products/38006200/,FRÄCK,"Mirror, stainless steel",http://www.ikea.com/us/en/images/products/frack-mirror__26262_PE092247_S4.JPG,6.99,Bathroom,38006200
http://www.ikea.com/us/en/catalog/products/00295403/,FRÄJEN,"Bath sheet, green",http://www.ikea.com/us/en/images/products/frajen-bath-sheet-green__0301593_PE426804_S4.JPG,9.99,Bathroom,00295403
http://www.ikea.com/us/en/catalog/products/10295389/,FRÄJEN,"Bath sheet, bright red",http://www.ikea.com/us/en/images/products/frajen-bath-sheet-red__0301590_PE426800_S4.JPG,9.99,Bathroom,10295389
http://www.ikea.com/us/en/catalog/products/20295416/,FRÄJEN,"Bath sheet, dark blue",http://www.ikea.com/us/en/images/products/frajen-bath-sheet-blue__0301591_PE426799_S4.JPG,9.99,Bathroom,20295416
http://www.ikea.com/us/en/catalog/products/10159198/,FRÄJEN,"Bath sheet, turquoise",http://www.ikea.com/us/en/images/products/frajen-bath-sheet-turquoise__0102667_PE248028_S4.JPG,9.99,Bathroom,10159198
http://www.ikea.com/us/en/catalog/products/30159197/,FRÄJEN,"Bath sheet, black",http://www.ikea.com/us/en/images/products/frajen-bath-sheet-black__0102665_PE248027_S4.JPG,9.99,Bathroom,30159197
http://www.ikea.com/us/en/catalog/products/40159205/,FRÄJEN,"Bath sheet, beige",http://www.ikea.com/us/en/images/products/frajen-bath-sheet-beige__0102649_PE248018_S4.JPG,9.99,Bathroom,40159205
http://www.ikea.com/us/en/catalog/products/70159204/,FRÄJEN,"Bath sheet, white",http://www.ikea.com/us/en/images/products/frajen-bath-sheet-white__0102668_PE248029_S4.JPG,9.99,Bathroom,70159204
http://www.ikea.com/us/en/catalog/products/80159208/,FRÄJEN,"Bath sheet, gray",http://www.ikea.com/us/en/images/products/frajen-bath-sheet-gray__0102655_PE248021_S4.JPG,9.99,Bathroom,80159208
http://www.ikea.com/us/en/catalog/products/90159203/,FRÄJEN,"Bath sheet, dark lilac",http://www.ikea.com/us/en/images/products/frajen-bath-sheet-lilac__0102658_PE248023_S4.JPG,9.99,Bathroom,90159203
http://www.ikea.com/us/en/catalog/products/40295401/,FRÄJEN,"Bath towel, green",http://www.ikea.com/us/en/images/products/frajen-bath-towel-green__0301593_PE426804_S4.JPG,5.99,Bathroom,40295401
http://www.ikea.com/us/en/catalog/products/50295387/,FRÄJEN,"Bath towel, bright red",http://www.ikea.com/us/en/images/products/frajen-bath-towel-red__0301590_PE426800_S4.JPG,5.99,Bathroom,50295387
http://www.ikea.com/us/en/catalog/products/70295414/,FRÄJEN,"Bath towel, dark blue",http://www.ikea.com/us/en/images/products/frajen-bath-towel-blue__0301591_PE426799_S4.JPG,5.99,Bathroom,70295414
http://www.ikea.com/us/en/catalog/products/10159179/,FRÄJEN,"Bath towel, dark lilac",http://www.ikea.com/us/en/images/products/frajen-bath-towel-lilac__0102658_PE248023_S4.JPG,5.99,Bathroom,10159179
http://www.ikea.com/us/en/catalog/products/30159183/,FRÄJEN,"Bath towel, white",http://www.ikea.com/us/en/images/products/frajen-bath-towel-white__0102668_PE248029_S4.JPG,5.99,Bathroom,30159183
http://www.ikea.com/us/en/catalog/products/40159173/,FRÄJEN,"Bath towel, turquoise",http://www.ikea.com/us/en/images/products/frajen-bath-towel-turquoise__0102667_PE248028_S4.JPG,5.99,Bathroom,40159173
http://www.ikea.com/us/en/catalog/products/50159177/,FRÄJEN,"Bath towel, gray",http://www.ikea.com/us/en/images/products/frajen-bath-towel-gray__0102655_PE248021_S4.JPG,5.99,Bathroom,50159177
http://www.ikea.com/us/en/catalog/products/60159172/,FRÄJEN,"Bath towel, black",http://www.ikea.com/us/en/images/products/frajen-bath-towel-black__0102665_PE248027_S4.JPG,5.99,Bathroom,60159172
http://www.ikea.com/us/en/catalog/products/70159176/,FRÄJEN,"Bath towel, beige",http://www.ikea.com/us/en/images/products/frajen-bath-towel-beige__0102649_PE248018_S4.JPG,5.99,Bathroom,70159176
http://www.ikea.com/us/en/catalog/products/30295393/,FRÄJEN,"Hand towel, bright red",http://www.ikea.com/us/en/images/products/frajen-hand-towel-red__0301590_PE426800_S4.JPG,3.99,Bathroom,30295393
http://www.ikea.com/us/en/catalog/products/40295420/,FRÄJEN,"Hand towel, dark blue",http://www.ikea.com/us/en/images/products/frajen-hand-towel-blue__0301591_PE426799_S4.JPG,3.99,Bathroom,40295420
http://www.ikea.com/us/en/catalog/products/90295408/,FRÄJEN,"Hand towel, green",http://www.ikea.com/us/en/images/products/frajen-hand-towel-green__0301593_PE426804_S4.JPG,3.99,Bathroom,90295408
http://www.ikea.com/us/en/catalog/products/10168447/,FRÄJEN,"Hand towel, beige",http://www.ikea.com/us/en/images/products/frajen-hand-towel-beige__0102649_PE248018_S4.JPG,3.99,Bathroom,10168447
http://www.ikea.com/us/en/catalog/products/20168461/,FRÄJEN,"Hand towel, black",http://www.ikea.com/us/en/images/products/frajen-hand-towel-black__0102665_PE248027_S4.JPG,3.99,Bathroom,20168461
http://www.ikea.com/us/en/catalog/products/60168459/,FRÄJEN,"Hand towel, dark lilac",http://www.ikea.com/us/en/images/products/frajen-hand-towel-lilac__0102658_PE248023_S4.JPG,3.99,Bathroom,60168459
http://www.ikea.com/us/en/catalog/products/70168449/,FRÄJEN,"Hand towel, gray",http://www.ikea.com/us/en/images/products/frajen-hand-towel-gray__0102655_PE248021_S4.JPG,3.99,Bathroom,70168449
http://www.ikea.com/us/en/catalog/products/90168453/,FRÄJEN,"Hand towel, turquoise",http://www.ikea.com/us/en/images/products/frajen-hand-towel-turquoise__0102667_PE248028_S4.JPG,3.99,Bathroom,90168453
http://www.ikea.com/us/en/catalog/products/90168467/,FRÄJEN,"Hand towel, white",http://www.ikea.com/us/en/images/products/frajen-hand-towel-white__0102668_PE248029_S4.JPG,3.99,Bathroom,90168467
http://www.ikea.com/us/en/catalog/products/10295412/,FRÄJEN,"Washcloth, green",http://www.ikea.com/us/en/images/products/frajen-washcloth-green__0301593_PE426804_S4.JPG,1.99,Bathroom,10295412
http://www.ikea.com/us/en/catalog/products/40295397/,FRÄJEN,"Washcloth, bright red",http://www.ikea.com/us/en/images/products/frajen-washcloth-red__0301590_PE426800_S4.JPG,1.99,Bathroom,40295397
http://www.ikea.com/us/en/catalog/products/60295424/,FRÄJEN,"Washcloth, dark blue",http://www.ikea.com/us/en/images/products/frajen-washcloth-blue__0301591_PE426799_S4.JPG,1.99,Bathroom,60295424
http://www.ikea.com/us/en/catalog/products/00159250/,FRÄJEN,"Washcloth, turquoise",http://www.ikea.com/us/en/images/products/frajen-washcloth-turquoise__0102667_PE248028_S4.JPG,1.99,Bathroom,00159250
http://www.ikea.com/us/en/catalog/products/20159249/,FRÄJEN,"Washcloth, dark lilac",http://www.ikea.com/us/en/images/products/frajen-washcloth-lilac__0102658_PE248023_S4.JPG,1.99,Bathroom,20159249
http://www.ikea.com/us/en/catalog/products/20159254/,FRÄJEN,"Washcloth, black",http://www.ikea.com/us/en/images/products/frajen-washcloth-black__0102665_PE248027_S4.JPG,1.99,Bathroom,20159254
http://www.ikea.com/us/en/catalog/products/60159247/,FRÄJEN,"Washcloth, white",http://www.ikea.com/us/en/images/products/frajen-washcloth-white__0102668_PE248029_S4.JPG,1.99,Bathroom,60159247
http://www.ikea.com/us/en/catalog/products/80159246/,FRÄJEN,"Washcloth, beige",http://www.ikea.com/us/en/images/products/frajen-washcloth-beige__0102649_PE248018_S4.JPG,1.99,Bathroom,80159246
http://www.ikea.com/us/en/catalog/products/90159255/,FRÄJEN,"Washcloth, gray",http://www.ikea.com/us/en/images/products/frajen-washcloth-gray__0102655_PE248021_S4.JPG,1.99,Bathroom,90159255
http://www.ikea.com/us/en/catalog/products/30129959/,FRAKTA,"Cart, blue",http://www.ikea.com/us/en/images/products/frakta-cart-blue__0093265_PE232014_S4.JPG,19.99,Secondary storage,30129959
http://www.ikea.com/us/en/catalog/products/S79875197/,FRAKTA,"Hand cart with storage bag, blue",http://www.ikea.com/us/en/images/products/frakta-hand-cart-with-storage-bag-blue__0095007_PE233175_S4.JPG,22.98,Secondary storage,79875197
http://www.ikea.com/us/en/catalog/products/79306696/,FRAKTA,"Loading strap with buckle, black",http://www.ikea.com/us/en/images/products/frakta-loading-strap-with-buckle-black__79088_PE202618_S4.JPG,9.99,Secondary storage,79306696
http://www.ikea.com/us/en/catalog/products/25989100/,FRAKTA,"Luggage straps, black",http://www.ikea.com/us/en/images/products/frakta-luggage-straps-black__79086_PE202616_S4.JPG,3.99,Secondary storage,25989100
http://www.ikea.com/us/en/catalog/products/17228340/,FRAKTA,"Shopping bag, large, blue",http://www.ikea.com/us/en/images/products/frakta-shopping-bag-large-blue__79087_PE202617_S4.JPG,0.99,Office furniture,17228340
http://www.ikea.com/us/en/catalog/products/90161946/,FRAKTA,"Shopping bag, medium, blue",http://www.ikea.com/us/en/images/products/frakta-shopping-bag-medium-blue__0095267_PE233745_S4.JPG,0.79,Office furniture,90161946
http://www.ikea.com/us/en/catalog/products/90149148/,FRAKTA,"Storage bag for cart, blue",http://www.ikea.com/us/en/images/products/frakta-storage-bag-for-cart-blue__0093264_PE230442_S4.JPG,2.99,Office furniture,90149148
http://www.ikea.com/us/en/catalog/products/99304696/,FRAKTA,"Tarpaulin, blue",http://www.ikea.com/us/en/images/products/frakta-tarpaulin-blue__79090_PE202619_S4.JPG,4.99,Secondary storage,99304696
http://www.ikea.com/us/en/catalog/products/28260300/,FRAKTA,"Tarpaulin rope, blue",http://www.ikea.com/us/en/images/products/frakta-tarpaulin-rope-blue__79091_PE202620_S4.JPG,1.99,Secondary storage,28260300
http://www.ikea.com/us/en/catalog/products/90250834/,FRAMSTÄLLA,"Gift wrap, roll, assorted patterns black",http://www.ikea.com/us/en/images/products/framstalla-gift-wrap-roll-black__0210716_PE364478_S4.JPG,7.99,Decoration,90250834
http://www.ikea.com/us/en/catalog/products/40288702/,FRAMTID,"4 burner gas cooktop, Stainless steel",http://www.ikea.com/us/en/images/products/framtid-burner-gas-cooktop__0307964_PE428004_S4.JPG,499.00,Kitchen & appliances,40288702
http://www.ikea.com/us/en/catalog/products/60288701/,FRAMTID,"5 burner gas cooktop, Stainless steel",http://www.ikea.com/us/en/images/products/framtid-burner-gas-cooktop__0325799_PE517559_S4.JPG,699.00,Kitchen & appliances,60288701
http://www.ikea.com/us/en/catalog/products/10199217/,FRANKLIN,"Bar stool with backrest, foldable, white, silver color",http://www.ikea.com/us/en/images/products/franklin-bar-stool-with-backrest-foldable-white__0124455_PE281131_S4.JPG,45.00,Dining,10199217
http://www.ikea.com/us/en/catalog/products/50199215/,FRANKLIN,"Bar stool with backrest, foldable, brown-black, silver color",http://www.ikea.com/us/en/images/products/franklin-bar-stool-with-backrest-foldable-black__0124454_PE281130_S4.JPG,45.00,Dining,50199215
http://www.ikea.com/us/en/catalog/products/20208787/,FRASERA,Glass,http://www.ikea.com/us/en/images/products/frasera-glass__0136631_PE294249_S4.JPG,3.49,Eating,20208787
http://www.ikea.com/us/en/catalog/products/00208788/,FRASERA,Whiskey glass,http://www.ikea.com/us/en/images/products/frasera-whiskey-glass__0136632_PE294250_S4.JPG,2.49,Eating,00208788
http://www.ikea.com/us/en/catalog/products/50219044/,FREDDE,"Computer work station, black",http://www.ikea.com/us/en/images/products/fredde-computer-work-station-black__0180198_PE332339_S4.JPG,229.00,Office furniture,50219044
http://www.ikea.com/us/en/catalog/products/60233290/,FREDLÖS,"Vase, beige",http://www.ikea.com/us/en/images/products/fredlos-vase-beige__0192105_PE346252_S4.JPG,19.99,Decoration,60233290
http://www.ikea.com/us/en/catalog/products/50290511/,FREDÖN,"Hammock, black",http://www.ikea.com/us/en/images/products/fredon-hammock-black__0357455_PE540616_S4.JPG,39.99,Outdoor,50290511
http://www.ikea.com/us/en/catalog/products/90155870/,FRIDFULL,"Plant pot, water hyacinth",http://www.ikea.com/us/en/images/products/fridfull-plant-pot__0098348_PE239438_S4.JPG,5.99,Decoration,90155870
http://www.ikea.com/us/en/catalog/products/90301466/,FRIHETEN,"Sofa bed, Bomstad black",http://www.ikea.com/us/en/images/products/friheten-sofa-bed-black__0325717_PE523061_S4.JPG,599.00,Living room,90301466
http://www.ikea.com/us/en/catalog/products/20262369/,FRIHETEN,"Sofa bed with chaise, Bomstad black",http://www.ikea.com/us/en/images/products/friheten-sofa-bed-with-chaise-black__0248337_PE386785_S4.JPG,699.00,Living room,20262369
http://www.ikea.com/us/en/catalog/products/10232863/,FRÖSAKULL,"Frame, white",http://www.ikea.com/us/en/images/products/frosakull-frame-white__0278871_PE418694_S4.JPG,4.99,Decoration,10232863
http://www.ikea.com/us/en/catalog/products/30232862/,FRÖSAKULL,"Frame, pink",http://www.ikea.com/us/en/images/products/frosakull-frame-pink__0278869_PE418695_S4.JPG,3.99,Decoration,30232862
http://www.ikea.com/us/en/catalog/products/50314300/,FROSSARE,"Dish drainer, white",http://www.ikea.com/us/en/images/products/frossare-dish-drainer-white__0397175_PE562669_S4.JPG,12.99,Cooking,50314300
http://www.ikea.com/us/en/catalog/products/40244831/,FROST,"Drying rack, indoor/outdoor, white",http://www.ikea.com/us/en/images/products/frost-drying-rack-indoor-outdoor-white__0181565_PE333373_S4.JPG,14.99,Laundry,40244831
http://www.ikea.com/us/en/catalog/products/70288753/,FROSTIG,"Top freezer, Stainless steel",http://www.ikea.com/us/en/images/products/frostig-top-freezer__0309627_PE428694_S4.JPG,699.00,Kitchen & appliances,70288753
http://www.ikea.com/us/en/catalog/products/80328145/,FRYKEN,"Box with lid, set of 3, sea grass seagrass",http://www.ikea.com/us/en/images/products/fryken-box-with-lid-set-of-__0395561_PE562512_S4.JPG,9.99,Living room,80328145
http://www.ikea.com/us/en/catalog/products/70262630/,FUGA,"Ceiling/wall lamp, chrome plated, clear glass",http://www.ikea.com/us/en/images/products/fuga-ceiling-wall-lamp__0426982_PE582503_S4.JPG,44.99,Living room,70262630
http://www.ikea.com/us/en/catalog/products/70262625/,FUGA,"Ceiling spotlight with 4 spots, chrome plated, clear glass",http://www.ikea.com/us/en/images/products/fuga-ceiling-spotlight-with-spots__0426980_PE582501_S4.JPG,49.99,Living room,70262625
http://www.ikea.com/us/en/catalog/products/S69891447/,FULLEN / TÄLLEVIKEN,"Sink cabinet, white",http://www.ikea.com/us/en/images/products/fullen-talleviken-sink-cabinet-white__0327305_PE426323_S4.JPG,109.99,Bathroom,69891447
http://www.ikea.com/us/en/catalog/products/10189039/,FULLEN,"Mirror cabinet, white",http://www.ikea.com/us/en/images/products/fullen-mirror-cabinet-white__0113005_PE264984_S4.JPG,29.99,Bathroom,10189039
http://www.ikea.com/us/en/catalog/products/60189027/,FULLEN,Mirror with shelf,http://www.ikea.com/us/en/images/products/fullen-mirror-with-shelf__0113006_PE264985_S4.JPG,9.99,Bathroom,60189027
http://www.ikea.com/us/en/catalog/products/70189041/,FULLEN,"Sink cabinet, white",http://www.ikea.com/us/en/images/products/fullen-sink-cabinet-white__0113007_PE264986_S4.JPG,29.99,Bathroom,70189041
http://www.ikea.com/us/en/catalog/products/50285519/,FULLGOD,"Scented block candle, floral explosion, natural",http://www.ikea.com/us/en/images/products/fullgod-scented-block-candle-beige__0397515_PE562894_S4.JPG,4.99,Decoration,50285519
http://www.ikea.com/us/en/catalog/products/70285518/,FULLGOD,"Scented block candle, fresh flowers, pink",http://www.ikea.com/us/en/images/products/fullgod-scented-block-candle-pink__0397525_PE562895_S4.JPG,4.99,Decoration,70285518
http://www.ikea.com/us/en/catalog/products/20258715/,FUNGERA,"Tray, gray",http://www.ikea.com/us/en/images/products/fungera-tray-gray__0328880_PE520740_S4.JPG,3.99,Eating,20258715
http://www.ikea.com/us/en/catalog/products/10316645/,FYLLEN,"Laundry basket, blue",http://www.ikea.com/us/en/images/products/fyllen-laundry-basket-blue__0380638_PE556352_S4.JPG,7.99,Laundry,10316645
http://www.ikea.com/us/en/catalog/products/40223329/,FYLLIG,"Vase, gray",http://www.ikea.com/us/en/images/products/fyllig-vase-gray__0156226_PE314361_S4.JPG,39.99,Decoration,40223329
http://www.ikea.com/us/en/catalog/products/40318884/,FYRESDAL,"Daybed frame, black",http://www.ikea.com/us/en/images/products/fyresdal-daybed-frame-black__0397757_PE562796_S4.JPG,189.00,Bedroom,40318884
http://www.ikea.com/us/en/catalog/products/S49130057/,FYRESDAL,"Daybed with 2 mattresses, black, Meistervik firm",http://www.ikea.com/us/en/images/products/fyresdal-daybed-with-mattresses-black__0397764_PE562795_S4.JPG,487.00,Bedroom,49130057
http://www.ikea.com/us/en/catalog/products/90235886/,FYRFALDIG,Martini glass,http://www.ikea.com/us/en/images/products/fyrfaldig-martini-glass__0244184_PE383407_S4.JPG,2.49,Eating,90235886
